PGA (g),PoE (IO Bare),PoE (IO Concrete Jacketing),PoE (LS Bare),PoE (LS Concrete Jacketing),PoE (CP Bare),PoE (CP Concrete Jacketing)
0,0,0,0,0,0,0
0.002002002002,6.83E-155,3.47E-245,9.03E-278,1.72E-296,0,0
0.004004004004,4.74E-112,8.37E-190,3.31E-205,1.88E-234,7.24E-295,0
0.006006006006,3.04E-90,1.02E-160,6.95E-168,1.47E-201,1.44E-245,1.61E-302
0.008008008008,3.16E-76,1.45E-141,1.07E-143,9.63E-180,2.40E-213,1.23E-271
0.01001001001,3.47E-66,1.48E-127,3.01E-126,1.09E-163,6.34E-190,7.82E-249
0.01201201201,1.60E-58,1.17E-116,7.71E-113,3.89E-151,8.28E-172,5.97E-231
0.01401401401,2.03E-52,7.87E-108,4.23E-102,6.42E-141,3.30E-157,2.35E-216
0.01601601602,2.05E-47,1.81E-100,3.08E-93,2.32E-132,4.33E-145,4.22E-204
0.01801801802,3.26E-43,3.40E-94,9.23E-86,4.89E-125,8.25E-135,1.37E-193
0.02002002002,1.26E-39,9.32E-89,2.42E-79,1.15E-118,6.14E-126,1.99E-184
0.02202202202,1.60E-36,5.58E-84,9.31E-74,4.78E-113,3.54E-118,2.49E-176
0.02402402402,8.36E-34,9.76E-80,7.70E-69,4.87E-108,2.61E-111,4.23E-169
0.02602602603,2.12E-31,6.22E-76,1.81E-64,1.56E-103,3.54E-105,1.39E-162
0.02802802803,2.95E-29,1.70E-72,1.49E-60,1.89E-99,1.17E-99,1.15E-156
0.03003003003,2.47E-27,2.28E-69,5.05E-57,1.01E-95,1.18E-94,2.95E-151
0.03203203203,1.35E-25,1.65E-66,8.09E-54,2.66E-92,4.30E-90,2.78E-146
0.03403403403,5.07E-24,7.07E-64,6.78E-51,3.80E-89,6.50E-86,1.09E-141
0.03603603604,1.39E-22,1.91E-61,3.24E-48,3.19E-86,4.58E-82,2.01E-137
0.03803803804,2.87E-21,3.43E-59,9.44E-46,1.67E-83,1.65E-78,1.89E-133
0.04004004004,4.65E-20,4.30E-57,1.79E-43,5.79E-81,3.30E-75,9.78E-130
0.04204204204,6.06E-19,3.93E-55,2.30E-41,1.38E-78,3.89E-72,2.98E-126
0.04404404404,6.51E-18,2.69E-53,2.10E-39,2.37E-76,2.87E-69,5.63E-123
0.04604604605,5.88E-17,1.43E-51,1.41E-37,3.01E-74,1.39E-66,6.94E-120
0.04804804805,4.55E-16,6.00E-50,7.18E-36,2.91E-72,4.60E-64,5.79E-117
0.05005005005,3.06E-15,2.04E-48,2.85E-34,2.20E-70,1.08E-61,3.39E-114
0.05205205205,1.81E-14,5.75E-47,9.01E-33,1.33E-68,1.84E-59,1.44E-111
0.05405405405,9.57E-14,1.36E-45,2.31E-31,6.56E-67,2.37E-57,4.53E-109
0.05605605606,4.55E-13,2.72E-44,4.92E-30,2.67E-65,2.34E-55,1.09E-106
0.05805805806,1.96E-12,4.71E-43,8.81E-29,9.14E-64,1.82E-53,2.04E-104
0.06006006006,7.75E-12,7.12E-42,1.34E-27,2.66E-62,1.14E-51,3.02E-102
0.06206206206,2.82E-11,9.48E-41,1.77E-26,6.69E-61,5.76E-50,3.62E-100
0.06406406406,9.55E-11,1.12E-39,2.03E-25,1.46E-59,2.42E-48,3.55E-98
0.06606606607,3.01E-10,1.19E-38,2.06E-24,2.81E-58,8.53E-47,2.89E-96
0.06806806807,8.91E-10,1.14E-37,1.86E-23,4.80E-57,2.55E-45,1.97E-94
0.07007007007,2.48E-09,9.99E-37,1.51E-22,7.32E-56,6.55E-44,1.15E-92
0.07207207207,6.55E-09,7.98E-36,1.10E-21,1.00E-54,1.46E-42,5.74E-91
0.07407407407,1.64E-08,5.87E-35,7.33E-21,1.25E-53,2.84E-41,2.49E-89
0.07607607608,3.92E-08,4.00E-34,4.47E-20,1.42E-52,4.89E-40,9.43E-88
0.07807807808,8.94E-08,2.53E-33,2.51E-19,1.47E-51,7.48E-39,3.15E-86
0.08008008008,1.96E-07,1.49E-32,1.30E-18,1.41E-50,1.02E-37,9.35E-85
0.08208208208,4.12E-07,8.26E-32,6.27E-18,1.25E-49,1.27E-36,2.48E-83
0.08408408408,8.34E-07,4.30E-31,2.83E-17,1.03E-48,1.42E-35,5.91E-82
0.08608608609,1.63E-06,2.11E-30,1.19E-16,7.93E-48,1.45E-34,1.27E-80
0.08808808809,3.09E-06,9.82E-30,4.74E-16,5.71E-47,1.36E-33,2.49E-79
0.09009009009,5.68E-06,4.34E-29,1.78E-15,3.86E-46,1.17E-32,4.46E-78
0.09209209209,1.01E-05,1.82E-28,6.30E-15,2.46E-45,9.32E-32,7.32E-77
0.09409409409,1.76E-05,7.31E-28,2.12E-14,1.48E-44,6.90E-31,1.11E-75
0.0960960961,2.98E-05,2.80E-27,6.82E-14,8.48E-44,4.76E-30,1.55E-74
0.0980980981,4.91E-05,1.03E-26,2.09E-13,4.61E-43,3.07E-29,2.01E-73
0.1001001001,7.91E-05,3.64E-26,6.13E-13,2.38E-42,1.86E-28,2.43E-72
0.1021021021,0.0001247265559,1.24E-25,1.72E-12,1.18E-41,1.06E-27,2.75E-71
0.1041041041,0.0001925433333,4.06E-25,4.65E-12,5.56E-41,5.69E-27,2.92E-70
0.1061061061,0.0002913690732,1.28E-24,1.21E-11,2.52E-40,2.90E-26,2.90E-69
0.1081081081,0.0004326479028,3.92E-24,3.03E-11,1.09E-39,1.40E-25,2.73E-68
0.1101101101,0.0006309655892,1.16E-23,7.35E-11,4.58E-39,6.42E-25,2.42E-67
0.1121121121,0.0009045561336,3.34E-23,1.72E-10,1.85E-38,2.81E-24,2.03E-66
0.1141141141,0.00127579256,9.32E-23,3.92E-10,7.18E-38,1.17E-23,1.62E-65
0.1161161161,0.001771634182,2.53E-22,8.64E-10,2.70E-37,4.69E-23,1.22E-64
0.1181181181,0.002424000276,6.67E-22,1.85E-09,9.80E-37,1.80E-22,8.84E-64
0.1201201201,0.003270039416,1.72E-21,3.85E-09,3.45E-36,6.61E-22,6.09E-63
0.1221221221,0.004352264947,4.31E-21,7.82E-09,1.18E-35,2.34E-21,4.01E-62
0.1241241241,0.005718530305,1.05E-20,1.55E-08,3.91E-35,7.98E-21,2.53E-61
0.1261261261,0.007421822985,2.52E-20,2.99E-08,1.26E-34,2.62E-20,1.53E-60
0.1281281281,0.009519862779,5.91E-20,5.64E-08,3.96E-34,8.34E-20,8.93E-60
0.1301301301,0.01207449801,1.35E-19,1.04E-07,1.21E-33,2.56E-19,5.00E-59
0.1321321321,0.01515090247,3.04E-19,1.88E-07,3.61E-33,7.63E-19,2.70E-58
0.1341341341,0.01881658503,6.69E-19,3.33E-07,1.05E-32,2.20E-18,1.40E-57
0.1361361361,0.02314023295,1.44E-18,5.78E-07,2.99E-32,6.18E-18,7.05E-57
0.1381381381,0.0281904182,3.06E-18,9.83E-07,8.31E-32,1.68E-17,3.43E-56
0.1401401401,0.03403420311,6.37E-18,1.64E-06,2.26E-31,4.46E-17,1.61E-55
0.1421421421,0.04073568689,1.30E-17,2.70E-06,6.01E-31,1.15E-16,7.36E-55
0.1441441441,0.04835453832,2.62E-17,4.36E-06,1.57E-30,2.90E-16,3.25E-54
0.1461461461,0.0569445608,5.19E-17,6.92E-06,4.00E-30,7.11E-16,1.40E-53
0.1481481481,0.06655233571,1.01E-16,1.08E-05,1.00E-29,1.70E-15,5.83E-53
0.1501501502,0.07721598688,1.94E-16,1.67E-05,2.47E-29,3.99E-15,2.37E-52
0.1521521522,0.08896410476,3.67E-16,2.53E-05,5.96E-29,9.14E-15,9.37E-52
0.1541541542,0.1018148626,6.85E-16,3.78E-05,1.41E-28,2.05E-14,3.61E-51
0.1561561562,0.1157753504,1.26E-15,5.58E-05,3.30E-28,4.49E-14,1.36E-50
0.1581581582,0.1308411432,2.29E-15,8.12E-05,7.58E-28,9.66E-14,4.97E-50
0.1601601602,0.1469961138,4.10E-15,0.0001168107639,1.71E-27,2.04E-13,1.78E-49
0.1621621622,0.1642124914,7.27E-15,0.0001659068366,3.81E-27,4.22E-13,6.23E-49
0.1641641642,0.1824511571,1.27E-14,0.0002328509363,8.35E-27,8.56E-13,2.13E-48
0.1661661662,0.2016621657,2.20E-14,0.0003230695106,1.80E-26,1.71E-12,7.13E-48
0.1681681682,0.2217854715,3.75E-14,0.0004432851707,3.84E-26,3.35E-12,2.34E-47
0.1701701702,0.2427518336,6.35E-14,0.0006017249047,8.06E-26,6.47E-12,7.50E-47
0.1721721722,0.2644838726,1.06E-13,0.0008083367647,1.67E-25,1.23E-11,2.36E-46
0.1741741742,0.2868972464,1.76E-13,0.001075009417,3.41E-25,2.29E-11,7.28E-46
0.1761761762,0.3099019127,2.88E-13,0.001415787783,6.89E-25,4.22E-11,2.21E-45
0.1781781782,0.3334034453,4.66E-13,0.001847076966,1.37E-24,7.64E-11,6.56E-45
0.1801801802,0.357304372,7.49E-13,0.002387825821,2.71E-24,1.36E-10,1.91E-44
0.1821821822,0.3815055036,1.19E-12,0.003059680977,5.27E-24,2.40E-10,5.49E-44
0.1841841842,0.4059072273,1.88E-12,0.003887101861,1.01E-23,4.18E-10,1.55E-43
0.1861861862,0.4304107383,2.94E-12,0.004897427454,1.93E-23,7.16E-10,4.30E-43
0.1881881882,0.45491919,4.55E-12,0.006120886028,3.63E-23,1.21E-09,1.17E-42
0.1901901902,0.4793387455,6.99E-12,0.007590540089,6.76E-23,2.03E-09,3.15E-42
0.1921921922,0.5035795158,1.06E-11,0.00934216014,1.25E-22,3.34E-09,8.33E-42
0.1941941942,0.5275563774,1.61E-11,0.01141402261,2.27E-22,5.46E-09,2.17E-41
0.1961961962,0.5511896614,2.41E-11,0.01384662935,4.11E-22,8.80E-09,5.57E-41
0.1981981982,0.5744057143,3.59E-11,0.01668234849,7.36E-22,1.40E-08,1.41E-40
0.2002002002,0.5971373284,5.31E-11,0.01996497878,1.30E-21,2.21E-08,3.52E-40
0.2022022022,0.6193240486,7.79E-11,0.02373924227,2.29E-21,3.45E-08,8.66E-40
0.2042042042,0.6409123593,1.13E-10,0.02805021253,3.99E-21,5.34E-08,2.10E-39
0.2062062062,0.6618557598,1.64E-10,0.0329426881,6.89E-21,8.16E-08,5.04E-39
0.2082082082,0.6821147387,2.36E-10,0.03846052284,1.18E-20,1.23E-07,1.19E-38
0.2102102102,0.7016566555,3.37E-10,0.04464592682,2.00E-20,1.85E-07,2.79E-38
0.2122122122,0.720455543,4.78E-10,0.05153875263,3.37E-20,2.75E-07,6.44E-38
0.2142142142,0.73849184,6.73E-10,0.05917578295,5.62E-20,4.05E-07,1.47E-37
0.2162162162,0.755752067,9.44E-10,0.06759003575,9.32E-20,5.90E-07,3.31E-37
0.2182182182,0.7722284551,1.31E-09,0.07681010325,1.53E-19,8.53E-07,7.38E-37
0.2202202202,0.78791854,1.82E-09,0.08685954029,2.50E-19,1.22E-06,1.63E-36
0.2222222222,0.8028247303,2.51E-09,0.09775631658,4.05E-19,1.74E-06,3.55E-36
0.2242242242,0.8169538602,3.43E-09,0.109512346,6.52E-19,2.45E-06,7.65E-36
0.2262262262,0.8303167346,4.67E-09,0.1221331036,1.04E-18,3.43E-06,1.63E-35
0.2282282282,0.8429276745,6.33E-09,0.1356173402,1.65E-18,4.76E-06,3.45E-35
0.2302302302,0.8548040685,8.53E-09,0.1499568999,2.61E-18,6.56E-06,7.21E-35
0.2322322322,0.8659659379,1.14E-08,0.1651366447,4.08E-18,8.98E-06,1.49E-34
0.2342342342,0.8764355182,1.52E-08,0.1811344888,6.35E-18,1.22E-05,3.06E-34
0.2362362362,0.886236861,2.02E-08,0.1979215391,9.82E-18,1.64E-05,6.22E-34
0.2382382382,0.895395461,2.67E-08,0.2154623402,1.51E-17,2.20E-05,1.25E-33
0.2402402402,0.903937908,3.52E-08,0.2337152164,2.30E-17,2.93E-05,2.50E-33
0.2422422422,0.9118915671,4.60E-08,0.252632704,3.50E-17,3.87E-05,4.94E-33
0.2442442442,0.9192842864,6.00E-08,0.2721620625,5.28E-17,5.08E-05,9.67E-33
0.2462462462,0.9261441341,7.78E-08,0.2922458554,7.93E-17,6.63E-05,1.88E-32
0.2482482482,0.9324991634,1.01E-07,0.3128225864,1.18E-16,8.60E-05,3.62E-32
0.2502502503,0.9383772051,1.29E-07,0.3338273796,1.76E-16,0.0001109189514,6.92E-32
0.2522522523,0.9438056874,1.66E-07,0.3551926898,2.59E-16,0.0001421569858,1.31E-31
0.2542542543,0.9488114804,2.11E-07,0.3768490298,3.81E-16,0.0001811499902,2.46E-31
0.2562562563,0.9534207654,2.69E-07,0.3987257011,5.57E-16,0.0002295463479,4.60E-31
0.2582582583,0.9576589263,3.40E-07,0.4207515169,8.10E-16,0.000289279257,8.51E-31
0.2602602603,0.961550462,4.29E-07,0.4428555046,1.17E-15,0.0003626022654,1.56E-30
0.2622622623,0.9651189174,5.39E-07,0.4649675788,1.69E-15,0.0004521267347,2.85E-30
0.2642642643,0.9683868325,6.75E-07,0.4870191738,2.42E-15,0.0005608609018,5.16E-30
0.2662662663,0.971375706,8.42E-07,0.5089438301,3.45E-15,0.0006922501296,9.28E-30
0.2682682683,0.9741059738,1.05E-06,0.5306777255,4.89E-15,0.0008502178529,1.66E-29
0.2702702703,0.976596999,1.30E-06,0.5521601492,6.92E-15,0.001039206648,2.94E-29
0.2722722723,0.9788670726,1.60E-06,0.5733339122,9.73E-15,0.001264218775,5.17E-29
0.2742742743,0.980933424,1.97E-06,0.594145694,1.36E-14,0.001530855476,9.05E-29
0.2762762763,0.9828122381,2.41E-06,0.614546324,1.90E-14,0.001845354237,1.57E-28
0.2782782783,0.9845186802,2.95E-06,0.6344909972,2.64E-14,0.002214623193,2.72E-28
0.2802802803,0.9860669254,3.60E-06,0.6539394276,3.65E-14,0.002646271785,4.66E-28
0.2822822823,0.9874701922,4.37E-06,0.6728559398,5.03E-14,0.003148636784,7.95E-28
0.2842842843,0.9887407805,5.29E-06,0.6912095027,6.90E-14,0.003730802773,1.35E-27
0.2862862863,0.9898901106,6.39E-06,0.7089737104,9.44E-14,0.004402616196,2.27E-27
0.2882882883,0.9909287652,7.70E-06,0.7261267132,1.28E-13,0.005174692103,3.80E-27
0.2902902903,0.9918665312,9.25E-06,0.7426511044,1.74E-13,0.006058412803,6.33E-27
0.2922922923,0.9927124437,1.11E-05,0.758533768,2.35E-13,0.007065917658,1.05E-26
0.2942942943,0.9934748281,1.32E-05,0.773765693,3.17E-13,0.008210083396,1.73E-26
0.2962962963,0.9941613432,1.57E-05,0.7883417591,4.25E-13,0.009504494394,2.83E-26
0.2982982983,0.9947790229,1.87E-05,0.8022604991,5.68E-13,0.01096340253,4.61E-26
0.3003003003,0.995334317,2.21E-05,0.8155238436,7.57E-13,0.01260167632,7.46E-26
0.3023023023,0.9958331307,2.62E-05,0.8281368529,1.01E-12,0.01443473927,1.20E-25
0.3043043043,0.9962808627,3.08E-05,0.8401074397,1.33E-12,0.01647849748,1.93E-25
0.3063063063,0.9966824418,3.62E-05,0.8514460885,1.75E-12,0.01874925671,3.08E-25
0.3083083083,0.9970423615,4.25E-05,0.862165574,2.30E-12,0.02126362937,4.88E-25
0.3103103103,0.9973647129,4.97E-05,0.8722806827,3.02E-12,0.024038432,7.71E-25
0.3123123123,0.9976532167,5.80E-05,0.8818079408,3.94E-12,0.02709057397,1.21E-24
0.3143143143,0.9979112519,6.76E-05,0.8907653511,5.13E-12,0.0304369384,1.90E-24
0.3163163163,0.9981418837,7.85E-05,0.8991721403,6.66E-12,0.03409425633,2.95E-24
0.3183183183,0.9983478898,9.10E-05,0.9070485195,8.62E-12,0.03807897539,4.58E-24
0.3203203203,0.9985317842,0.0001052663912,0.9144154589,1.11E-11,0.04240712434,7.06E-24
0.3223223223,0.9986958401,0.0001214880295,0.9212944777,1.43E-11,0.04709417491,1.08E-23
0.3243243243,0.9988421105,0.0001399103002,0.9277074495,1.83E-11,0.05215490246,1.66E-23
0.3263263263,0.998972448,0.000160787958,0.9336764257,2.35E-11,0.05760324715,2.52E-23
0.3283283283,0.9990885226,0.0001843995465,0.9392234732,2.99E-11,0.06345217714,3.82E-23
0.3303303303,0.9991918381,0.0002110489673,0.9443705306,3.81E-11,0.06971355554,5.77E-23
0.3323323323,0.9992837479,0.0002410670886,0.94913928,4.83E-11,0.07639801265,8.67E-23
0.3343343343,0.9993654684,0.0002748133867,0.9535510337,6.11E-11,0.08351482519,1.30E-22
0.3363363363,0.9994380923,0.0003126776154,0.9576266375,7.71E-11,0.09107180384,1.94E-22
0.3383383383,0.9995026002,0.0003550814956,0.9613863875,9.70E-11,0.09907519062,2.87E-22
0.3403403403,0.9995598715,0.0004024804206,0.9648499607,1.22E-10,0.1075295674,4.25E-22
0.3423423423,0.9996106941,0.000455365167,0.9680363585,1.52E-10,0.1164377767,6.26E-22
0.3443443443,0.9996557735,0.0005142636049,0.9709638617,1.90E-10,0.1258008555,9.19E-22
0.3463463463,0.9996957409,0.0005797423983,0.9736499969,2.37E-10,0.1356179834,1.34E-21
0.3483483483,0.9997311607,0.0006524086872,0.9761115117,2.95E-10,0.1458864455,1.96E-21
0.3503503504,0.9997625371,0.0007329117418,0.9783643602,3.66E-10,0.1566016101,2.84E-21
0.3523523524,0.9997903201,0.0008219445789,0.9804236953,4.52E-10,0.1677569225,4.11E-21
0.3543543544,0.9998149116,0.0009202455312,0.9823038689,5.58E-10,0.1793439134,5.92E-21
0.3563563564,0.9998366696,0.001028599759,0.9840184374,6.88E-10,0.1913522239,8.50E-21
0.3583583584,0.9998559134,0.001147840693,0.9855801734,8.45E-10,0.2037696447,1.22E-20
0.3603603604,0.9998729272,0.0012788514,0.9870010815,1.04E-09,0.2165821704,1.73E-20
0.3623623624,0.999887964,0.001422565855,0.988292418,1.27E-09,0.2297740675,2.46E-20
0.3643643644,0.9999012489,0.001579970121,0.9894647137,1.55E-09,0.2433279561,3.49E-20
0.3663663664,0.999912982,0.001752103409,0.9905277998,1.88E-09,0.2572249034,4.93E-20
0.3683683684,0.9999233412,0.001940059022,0.9914908346,2.29E-09,0.271444529,6.93E-20
0.3703703704,0.9999324844,0.002144985166,0.992362333,2.78E-09,0.2859651193,9.72E-20
0.3723723724,0.9999405518,0.002368085621,0.9931501961,3.36E-09,0.3007637521,1.36E-19
0.3743743744,0.9999476679,0.002610620257,0.993861742,4.06E-09,0.3158164274,1.90E-19
0.3763763764,0.999953943,0.00287390539,0.9945037363,4.90E-09,0.3310982052,2.63E-19
0.3783783784,0.9999594748,0.003159313974,0.995082423,5.89E-09,0.3465833474,3.65E-19
0.3803803804,0.9999643501,0.003468275605,0.9956035552,7.08E-09,0.3622454641,5.04E-19
0.3823823824,0.9999686456,0.003802276347,0.9960724246,8.48E-09,0.3780576603,6.94E-19
0.3843843844,0.9999724292,0.004162858365,0.9964938911,1.01E-08,0.3939926849,9.53E-19
0.3863863864,0.9999757612,0.004551619349,0.9968724112,1.21E-08,0.4100230776,1.30E-18
0.3883883884,0.9999786946,0.004970211752,0.997212065,1.44E-08,0.4261213145,1.78E-18
0.3903903904,0.9999812766,0.005420341796,0.997516583,1.72E-08,0.4422599505,2.42E-18
0.3923923924,0.9999835487,0.005903768286,0.9977893711,2.04E-08,0.4584117572,3.29E-18
0.3943943944,0.9999855477,0.00642230119,0.9980335343,2.42E-08,0.4745498556,4.45E-18
0.3963963964,0.9999873059,0.006977800014,0.9982519001,2.87E-08,0.4906478423,6.01E-18
0.3983983984,0.9999888521,0.00757217195,0.9984470394,3.39E-08,0.506679909,8.10E-18
0.4004004004,0.9999902116,0.008207369807,0.9986212872,3.99E-08,0.5226209541,1.09E-17
0.4024024024,0.9999914066,0.008885389728,0.9987767613,4.70E-08,0.5384466855,1.46E-17
0.4044044044,0.9999924569,0.009608268681,0.9989153806,5.53E-08,0.5541337152,1.95E-17
0.4064064064,0.9999933797,0.01037808175,0.9990388816,6.49E-08,0.5696596441,2.59E-17
0.4084084084,0.9999941905,0.0111969392,0.9991488336,7.61E-08,0.5850031375,3.45E-17
0.4104104104,0.9999949027,0.01206698337,0.9992466539,8.90E-08,0.6001439907,4.57E-17
0.4124124124,0.9999955282,0.01299038531,0.9993336206,1.04E-07,0.6150631853,6.05E-17
0.4144144144,0.9999960774,0.0139693413,0.9994108852,1.21E-07,0.6297429351,7.98E-17
0.4164164164,0.9999965596,0.01500606914,0.9994794841,1.41E-07,0.6441667231,1.05E-16
0.4184184184,0.9999969828,0.01610280428,0.9995403493,1.64E-07,0.6583193282,1.38E-16
0.4204204204,0.9999973543,0.01726179578,0.9995943178,1.91E-07,0.6721868441,1.81E-16
0.4224224224,0.9999976803,0.0184853021,0.9996421408,2.21E-07,0.6857566878,2.36E-16
0.4244244244,0.9999979664,0.01977558683,0.9996844918,2.56E-07,0.6990176012,3.08E-16
0.4264264264,0.9999982173,0.02113491419,0.999721974,2.96E-07,0.7119596438,4.00E-16
0.4284284284,0.9999984375,0.02256554445,0.9997551274,3.41E-07,0.7245741784,5.20E-16
0.4304304304,0.9999986305,0.02406972931,0.9997844346,3.93E-07,0.7368538501,6.73E-16
0.4324324324,0.9999987999,0.02564970707,0.9998103269,4.53E-07,0.7487925584,8.70E-16
0.4344344344,0.9999989483,0.02730769784,0.9998331893,5.21E-07,0.7603854237,1.12E-15
0.4364364364,0.9999990785,0.02904589865,0.9998533651,5.98E-07,0.7716287495,1.44E-15
0.4384384384,0.9999991927,0.03086647848,0.9998711603,6.85E-07,0.7825199788,1.85E-15
0.4404404404,0.9999992927,0.03277157336,0.9998868474,7.84E-07,0.7930576471,2.38E-15
0.4424424424,0.9999993804,0.03476328132,0.9999006689,8.97E-07,0.8032413323,3.04E-15
0.4444444444,0.9999994573,0.03684365752,0.9999128404,1.02E-06,0.8130716011,3.88E-15
0.4464464464,0.9999995246,0.03901470922,0.9999235535,1.17E-06,0.8225499538,4.94E-15
0.4484484484,0.9999995836,0.04127839093,0.9999329781,1.33E-06,0.8316787666,6.28E-15
0.4504504505,0.9999996353,0.04363659955,0.9999412653,1.51E-06,0.8404612339,7.96E-15
0.4524524525,0.9999996807,0.04609116957,0.9999485487,1.72E-06,0.8489013084,1.01E-14
0.4544544545,0.9999997204,0.04864386842,0.9999549471,1.95E-06,0.8570036419,1.27E-14
0.4564564565,0.9999997551,0.05129639181,0.9999605653,2.21E-06,0.864773526,1.61E-14
0.4584584585,0.9999997856,0.05405035933,0.9999654962,2.50E-06,0.8722168328,2.02E-14
0.4604604605,0.9999998123,0.05690731005,0.9999698221,2.83E-06,0.8793399577,2.54E-14
0.4624624625,0.9999998356,0.05986869835,0.9999736154,3.20E-06,0.8861497616,3.19E-14
0.4644644645,0.9999998561,0.06293588985,0.9999769404,3.61E-06,0.8926535163,3.99E-14
0.4664664665,0.999999874,0.06611015757,0.9999798536,4.06E-06,0.8988588504,4.98E-14
0.4684684685,0.9999998897,0.06939267821,0.9999824049,4.57E-06,0.9047736977,6.22E-14
0.4704704705,0.9999999034,0.07278452869,0.9999846385,5.14E-06,0.9104062477,7.74E-14
0.4724724725,0.9999999155,0.07628668284,0.9999865931,5.77E-06,0.9157648978,9.62E-14
0.4744744745,0.999999926,0.07990000833,0.9999883029,6.48E-06,0.9208582087,1.19E-13
0.4764764765,0.9999999352,0.08362526384,0.999989798,7.26E-06,0.9256948617,1.48E-13
0.4784784785,0.9999999433,0.08746309642,0.9999911048,8.12E-06,0.9302836186,1.83E-13
0.4804804805,0.9999999504,0.09141403914,0.9999922467,9.08E-06,0.9346332847,2.26E-13
0.4824824825,0.9999999565,0.09547850895,0.9999932441,1.01E-05,0.9387526732,2.78E-13
0.4844844845,0.999999962,0.09965680482,0.999994115,1.13E-05,0.9426505738,3.42E-13
0.4864864865,0.9999999667,0.1039491061,0.9999948752,1.26E-05,0.9463357226,4.20E-13
0.4884884885,0.9999999709,0.1083554712,0.9999955384,1.40E-05,0.9498167751,5.15E-13
0.4904904905,0.9999999745,0.1128758364,0.999996117,1.56E-05,0.9531022817,6.31E-13
0.4924924925,0.9999999777,0.1175100152,0.9999966214,1.74E-05,0.9562006652,7.71E-13
0.4944944945,0.9999999805,0.1222576976,0.9999970612,1.93E-05,0.9591202017,9.41E-13
0.4964964965,0.9999999829,0.12711845,0.9999974444,2.14E-05,0.9618690021,1.15E-12
0.4984984985,0.999999985,0.1320917148,0.9999977782,2.37E-05,0.9644549974,1.40E-12
0.5005005005,0.9999999869,0.1371768112,0.9999980689,2.62E-05,0.9668859254,1.70E-12
0.5025025025,0.9999999885,0.142372935,0.999998322,2.90E-05,0.9691693187,2.06E-12
0.5045045045,0.99999999,0.1476791602,0.9999985423,3.21E-05,0.9713124962,2.49E-12
0.5065065065,0.9999999912,0.1530944393,0.999998734,3.54E-05,0.9733225545,3.01E-12
0.5085085085,0.9999999923,0.1586176047,0.9999989008,3.90E-05,0.9752063622,3.64E-12
0.5105105105,0.9999999933,0.1642473708,0.9999990458,4.30E-05,0.9769705556,4.39E-12
0.5125125125,0.9999999941,0.1699823348,0.9999991718,4.74E-05,0.9786215347,5.28E-12
0.5145145145,0.9999999948,0.1758209795,0.9999992814,5.21E-05,0.9801654625,6.35E-12
0.5165165165,0.9999999955,0.181761675,0.9999993766,5.73E-05,0.9816082632,7.63E-12
0.5185185185,0.999999996,0.1878026815,0.9999994594,6.29E-05,0.9829556235,9.15E-12
0.5205205205,0.9999999965,0.1939421516,0.9999995312,6.90E-05,0.9842129933,1.10E-11
0.5225225225,0.999999997,0.2001781331,0.9999995936,7.56E-05,0.9853855887,1.31E-11
0.5245245245,0.9999999973,0.2065085725,0.9999996477,8.28E-05,0.9864783942,1.56E-11
0.5265265265,0.9999999977,0.2129313177,0.9999996947,9.07E-05,0.9874961675,1.87E-11
0.5285285285,0.999999998,0.2194441215,0.9999997355,9.91E-05,0.988443443,2.22E-11
0.5305305305,0.9999999982,0.2260446451,0.9999997709,0.0001083053908,0.9893245371,2.64E-11
0.5325325325,0.9999999984,0.2327304619,0.9999998016,0.0001182374779,0.9901435537,3.14E-11
0.5345345345,0.9999999986,0.2394990613,0.9999998282,0.0001289772997,0.9909043895,3.72E-11
0.5365365365,0.9999999988,0.2463478524,0.9999998512,0.0001405814116,0.9916107407,4.41E-11
0.5385385385,0.999999999,0.2532741682,0.9999998712,0.0001531096026,0.9922661088,5.22E-11
0.5405405405,0.9999999991,0.2602752697,0.9999998886,0.0001666250288,0.9928738072,6.17E-11
0.5425425425,0.9999999992,0.2673483501,0.9999999036,0.00018119435,0.9934369682,7.29E-11
0.5445445445,0.9999999993,0.2744905395,0.9999999166,0.0001968878678,0.9939585494,8.59E-11
0.5465465465,0.9999999994,0.2816989084,0.9999999278,0.0002137796659,0.9944413408,1.01E-10
0.5485485485,0.9999999995,0.2889704731,0.9999999376,0.0002319477525,0.9948879715,1.19E-10
0.5505505506,0.9999999995,0.2963021996,0.999999946,0.0002514742042,0.9953009164,1.40E-10
0.5525525526,0.9999999996,0.3036910081,0.9999999533,0.0002724453115,0.9956825032,1.64E-10
0.5545545546,0.9999999996,0.311133778,0.9999999597,0.0002949517258,0.996034919,1.92E-10
0.5565565566,0.9999999997,0.3186273519,0.9999999651,0.0003190886068,0.9963602168,2.25E-10
0.5585585586,0.9999999997,0.3261685404,0.9999999699,0.0003449557719,0.9966603223,2.63E-10
0.5605605606,0.9999999998,0.3337541267,0.999999974,0.000372657845,0.9969370395,3.07E-10
0.5625625626,0.9999999998,0.341380871,0.9999999775,0.0004023044069,0.9971920578,3.58E-10
0.5645645646,0.9999999998,0.3490455148,0.9999999806,0.0004340101446,0.9974269571,4.18E-10
0.5665665666,0.9999999998,0.356744786,0.9999999832,0.0004678950013,0.9976432145,4.86E-10
0.5685685686,0.9999999999,0.3644754023,0.9999999855,0.0005040843263,0.997842209,5.65E-10
0.5705705706,0.9999999999,0.3722340765,0.9999999875,0.0005427090225,0.9980252275,6.56E-10
0.5725725726,0.9999999999,0.3800175203,0.9999999892,0.0005839056952,0.99819347,7.61E-10
0.5745745746,0.9999999999,0.3878224486,0.9999999907,0.0006278167977,0.9983480545,8.82E-10
0.5765765766,0.9999999999,0.3956455833,0.9999999919,0.0006745907763,0.9984900216,1.02E-09
0.5785785786,0.9999999999,0.4034836582,0.999999993,0.0007243822133,0.9986203397,1.18E-09
0.5805805806,0.9999999999,0.4113334218,0.999999994,0.0007773519669,0.9987399086,1.36E-09
0.5825825826,0.9999999999,0.4191916422,0.9999999948,0.0008336673099,0.9988495644,1.57E-09
0.5845845846,0.9999999999,0.4270551102,0.9999999955,0.0008935020641,0.9989500832,1.82E-09
0.5865865866,1,0.434920643,0.9999999961,0.0009570367323,0.9990421849,2.09E-09
0.5885885886,1,0.442785088,0.9999999967,0.001024458627,0.9991265368,2.41E-09
0.5905905906,1,0.450645326,0.9999999971,0.001095961992,0.9992037572,2.76E-09
0.5925925926,1,0.4584982744,0.9999999975,0.001171748127,0.9992744184,3.17E-09
0.5945945946,1,0.4663408904,0.9999999979,0.001252025498,0.9993390498,3.64E-09
0.5965965966,1,0.4741701742,0.9999999982,0.001337009851,0.9993981412,4.17E-09
0.5985985986,1,0.4819831716,0.9999999984,0.001426924312,0.9994521447,4.78E-09
0.6006006006,1,0.4897769767,0.9999999986,0.001521999493,0.9995014782,5.46E-09
0.6026026026,1,0.4975487351,0.9999999988,0.001622473579,0.9995465271,6.24E-09
0.6046046046,1,0.5052956455,0.999999999,0.001728592418,0.9995876471,7.13E-09
0.6066066066,1,0.5130149626,0.9999999991,0.001840609597,0.9996251659,8.13E-09
0.6086086086,1,0.5207039992,0.9999999992,0.001958786521,0.9996593855,9.26E-09
0.6106106106,1,0.5283601281,0.9999999993,0.00208339247,0.9996905839,1.05E-08
0.6126126126,1,0.5359807841,0.9999999994,0.002214704665,0.999719017,1.20E-08
0.6146146146,1,0.5435634658,0.9999999995,0.00235300831,0.9997449201,1.36E-08
0.6166166166,1,0.551105737,0.9999999996,0.002498596637,0.9997685096,1.55E-08
0.6186186186,1,0.5586052284,0.9999999996,0.002651770938,0.9997899842,1.76E-08
0.6206206206,1,0.566059639,0.9999999997,0.002812840586,0.9998095263,1.99E-08
0.6226226226,1,0.573466737,0.9999999997,0.002982123051,0.9998273036,2.25E-08
0.6246246246,1,0.5808243611,0.9999999998,0.003159943903,0.9998434696,2.55E-08
0.6266266266,1,0.5881304215,0.9999999998,0.00334663681,0.9998581652,2.88E-08
0.6286286286,1,0.5953829004,0.9999999998,0.003542543514,0.9998715196,3.25E-08
0.6306306306,1,0.6025798529,0.9999999999,0.003748013816,0.999883651,3.67E-08
0.6326326326,1,0.6097194077,0.9999999999,0.003963405532,0.9998946677,4.14E-08
0.6346346346,1,0.6167997671,0.9999999999,0.004189084446,0.9999046688,4.66E-08
0.6366366366,1,0.6238192077,0.9999999999,0.004425424257,0.9999137449,5.25E-08
0.6386386386,1,0.6307760804,0.9999999999,0.004672806505,0.999921979,5.91E-08
0.6406406406,1,0.6376688106,0.9999999999,0.004931620492,0.9999294466,6.64E-08
0.6426426426,1,0.644495898,0.9999999999,0.00520226319,0.9999362171,7.45E-08
0.6446446446,1,0.6512559165,0.9999999999,0.005485139139,0.9999423536,8.36E-08
0.6466466466,1,0.6579475142,1,0.005780660329,0.9999479137,9.38E-08
0.6486486486,1,0.6645694127,1,0.006089246076,0.99995295,1.05E-07
0.6506506507,1,0.671120407,1,0.006411322882,0.9999575105,1.18E-07
0.6526526527,1,0.6775993648,1,0.006747324285,0.9999616389,1.32E-07
0.6546546547,1,0.6840052258,1,0.007097690696,0.9999653751,1.47E-07
0.6566566567,1,0.6903370013,1,0.007462869228,0.9999687553,1.64E-07
0.6586586587,1,0.6965937731,1,0.007843313505,0.9999718125,1.83E-07
0.6606606607,1,0.7027746929,1,0.00823948347,0.9999745769,2.04E-07
0.6626626627,1,0.7088789812,1,0.008651845172,0.9999770759,2.28E-07
0.6646646647,1,0.7149059266,1,0.009080870544,0.9999793341,2.53E-07
0.6666666667,1,0.7208548844,1,0.009527037175,0.9999813744,2.82E-07
0.6686686687,1,0.7267252756,1,0.009990828062,0.9999832172,3.14E-07
0.6706706707,1,0.732516586,1,0.01047273136,0.9999848812,3.48E-07
0.6726726727,1,0.7382283648,1,0.0109732401,0.9999863833,3.87E-07
0.6746746747,1,0.743860223,1,0.01149285194,0.999987739,4.29E-07
0.6766766767,1,0.7494118328,1,0.01203206884,0.9999889622,4.76E-07
0.6786786787,1,0.7548829256,1,0.01259139681,0.9999900656,5.27E-07
0.6806806807,1,0.7602732913,1,0.01317134555,0.9999910606,5.84E-07
0.6826826827,1,0.7655827761,1,0.01377242818,0.9999919577,6.46E-07
0.6846846847,1,0.7708112817,1,0.01439516086,0.9999927664,7.14E-07
0.6866866867,1,0.7759587635,1,0.0150400625,0.9999934951,7.89E-07
0.6886886887,1,0.7810252293,1,0.0157076544,0.9999941516,8.71E-07
0.6906906907,1,0.7860107377,1,0.01639845986,0.9999947429,9.61E-07
0.6926926927,1,0.7909153966,1,0.01711300386,0.9999952754,1.06E-06
0.6946946947,1,0.7957393616,1,0.01785181269,0.9999957549,1.17E-06
0.6966966967,1,0.8004828347,1,0.01861541352,0.9999961864,1.29E-06
0.6986986987,1,0.8051460625,1,0.01940433405,0.9999965748,1.42E-06
0.7007007007,1,0.8097293346,1,0.02021910214,0.9999969242,1.56E-06
0.7027027027,1,0.8142329823,1,0.02106024534,0.9999972384,1.71E-06
0.7047047047,1,0.8186573769,1,0.02192829057,0.9999975211,1.88E-06
0.7067067067,1,0.8230029283,1,0.02282376362,0.9999977752,2.06E-06
0.7087087087,1,0.8272700831,1,0.02374718882,0.9999980037,2.26E-06
0.7107107107,1,0.8314593234,1,0.02469908854,0.999998209,2.48E-06
0.7127127127,1,0.8355711653,1,0.02567998284,0.9999983935,2.72E-06
0.7147147147,1,0.8396061571,1,0.02669038897,0.9999985592,2.98E-06
0.7167167167,1,0.8435648779,1,0.02773082099,0.9999987081,3.26E-06
0.7187187187,1,0.8474479364,1,0.02880178933,0.9999988418,3.56E-06
0.7207207207,1,0.851255969,1,0.02990380032,0.9999989618,3.90E-06
0.7227227227,1,0.8549896387,1,0.0310373558,0.9999990696,4.26E-06
0.7247247247,1,0.8586496335,1,0.03220295264,0.9999991663,4.65E-06
0.7267267267,1,0.8622366648,1,0.03340108233,0.999999253,5.07E-06
0.7287287287,1,0.8657514666,1,0.03463223054,0.9999993309,5.53E-06
0.7307307307,1,0.8691947936,1,0.03589687666,0.9999994007,6.03E-06
0.7327327327,1,0.8725674201,1,0.03719549339,0.9999994634,6.56E-06
0.7347347347,1,0.8758701385,1,0.03852854629,0.9999995195,7.15E-06
0.7367367367,1,0.8791037582,1,0.03989649335,0.9999995699,7.77E-06
0.7387387387,1,0.8822691045,1,0.04129978457,0.999999615,8.45E-06
0.7407407407,1,0.885367017,1,0.04273886152,0.9999996555,9.19E-06
0.7427427427,1,0.8883983486,1,0.04421415694,0.9999996917,9.98E-06
0.7447447447,1,0.8913639642,1,0.04572609429,0.9999997242,1.08E-05
0.7467467467,1,0.8942647399,1,0.04727508736,0.9999997533,1.18E-05
0.7487487487,1,0.8971015614,1,0.04886153988,0.9999997793,1.27E-05
0.7507507508,1,0.8998753236,1,0.05048584507,0.9999998027,1.38E-05
0.7527527528,1,0.9025869286,1,0.05214838529,0.9999998235,1.50E-05
0.7547547548,1,0.9052372857,1,0.05384953163,0.9999998422,1.62E-05
0.7567567568,1,0.9078273096,1,0.05558964353,0.999999859,1.75E-05
0.7587587588,1,0.9103579201,1,0.05736906843,0.999999874,1.90E-05
0.7607607608,1,0.9128300405,1,0.05918814138,0.9999998874,2.05E-05
0.7627627628,1,0.9152445974,1,0.06104718469,0.9999998994,2.22E-05
0.7647647648,1,0.9176025193,1,0.0629465076,0.9999999101,2.39E-05
0.7667667668,1,0.9199047362,1,0.06488640593,0.9999999197,2.58E-05
0.7687687688,1,0.9221521785,1,0.06686716174,0.9999999282,2.79E-05
0.7707707708,1,0.9243457763,1,0.06888904306,0.9999999359,3.01E-05
0.7727727728,1,0.9264864586,1,0.07095230354,0.9999999428,3.24E-05
0.7747747748,1,0.9285751529,1,0.07305718216,0.9999999489,3.49E-05
0.7767767768,1,0.9306127842,1,0.07520390299,0.9999999544,3.76E-05
0.7787787788,1,0.9326002744,1,0.07739267485,0.9999999593,4.04E-05
0.7807807808,1,0.9345385419,1,0.07962369113,0.9999999637,4.35E-05
0.7827827828,1,0.9364285008,1,0.08189712949,0.9999999676,4.68E-05
0.7847847848,1,0.9382710603,1,0.08421315163,0.9999999711,5.02E-05
0.7867867868,1,0.9400671243,1,0.0865719031,0.9999999742,5.40E-05
0.7887887888,1,0.941817591,1,0.08897351306,0.999999977,5.79E-05
0.7907907908,1,0.943523352,1,0.09141809411,0.9999999794,6.22E-05
0.7927927928,1,0.9451852925,1,0.0939057421,0.9999999817,6.67E-05
0.7947947948,1,0.9468042901,1,0.09643653595,0.9999999836,7.15E-05
0.7967967968,1,0.948381215,1,0.09901053754,0.9999999854,7.66E-05
0.7987987988,1,0.9499169294,1,0.1016277915,0.999999987,8.21E-05
0.8008008008,1,0.9514122871,1,0.1042883252,0.9999999884,8.79E-05
0.8028028028,1,0.9528681332,1,0.1069921485,0.9999999897,9.41E-05
0.8048048048,1,0.9542853039,1,0.1097392537,0.9999999908,0.0001006411839
0.8068068068,1,0.955664626,1,0.1125296156,0.9999999918,0.0001076136565
0.8088088088,1,0.9570069169,1,0.1153631912,0.9999999927,0.0001150188369
0.8108108108,1,0.958312984,1,0.1182399198,0.9999999935,0.0001228801582
0.8128128128,1,0.9595836249,1,0.121159723,0.9999999942,0.0001312221121
0.8148148148,1,0.9608196267,1,0.1241225045,0.9999999948,0.0001400702846
0.8168168168,1,0.9620217664,1,0.1271281503,0.9999999954,0.000149451393
0.8188188188,1,0.9631908103,1,0.1301765284,0.9999999959,0.0001593933232
0.8208208208,1,0.9643275137,1,0.1332674892,0.9999999963,0.0001699251678
0.8228228228,1,0.9654326215,1,0.1364008654,0.9999999967,0.0001810772649
0.8248248248,1,0.9665068671,1,0.1395764718,0.9999999971,0.0001928812374
0.8268268268,1,0.9675509731,1,0.1427941058,0.9999999974,0.0002053700325
0.8288288288,1,0.968565651,1,0.1460535471,0.9999999977,0.0002185779627
0.8308308308,1,0.9695516007,1,0.1493545579,0.9999999979,0.0002325407461
0.8328328328,1,0.9705095111,1,0.1526968832,0.9999999982,0.0002472955483
0.8348348348,1,0.9714400595,1,0.1560802505,0.9999999984,0.0002628810238
0.8368368368,1,0.9723439119,1,0.1595043706,0.9999999986,0.0002793373591
0.8388388388,1,0.9732217229,1,0.1629689369,0.9999999987,0.0002967063145
0.8408408408,1,0.9740741356,1,0.1664736262,0.9999999989,0.0003150312679
0.8428428428,1,0.9749017817,1,0.1700180987,0.999999999,0.0003343572584
0.8448448448,1,0.9757052815,1,0.1736019981,0.9999999991,0.0003547310293
0.8468468468,1,0.9764852438,1,0.1772249519,0.9999999992,0.000376201073
0.8488488488,1,0.9772422661,1,0.1808865712,0.9999999993,0.000398817675
0.8508508509,1,0.9779769346,1,0.1845864518,0.9999999994,0.0004226329582
0.8528528529,1,0.9786898242,1,0.1883241736,0.9999999994,0.0004477009282
0.8548548549,1,0.9793814986,1,0.192099301,0.9999999995,0.0004740775172
0.8568568569,1,0.9800525103,1,0.1959113836,0.9999999995,0.0005018206297
0.8588588589,1,0.9807034008,1,0.1997599559,0.9999999996,0.000530990187
0.8608608609,1,0.9813347004,1,0.203644538,0.9999999996,0.0005616481722
0.8628628629,1,0.9819469287,1,0.2075646356,0.9999999997,0.0005938586749
0.8648648649,1,0.9825405944,1,0.2115197403,0.9999999997,0.0006276879358
0.8668668669,1,0.9831161955,1,0.2155093302,0.9999999997,0.0006632043917
0.8688688689,1,0.9836742194,1,0.2195328698,0.9999999998,0.0007004787193
0.8708708709,1,0.9842151429,1,0.2235898106,0.9999999998,0.0007395838796
0.8728728729,1,0.9847394324,1,0.2276795914,0.9999999998,0.0007805951612
0.8748748749,1,0.9852475442,1,0.2318016385,0.9999999998,0.0008235902241
0.8768768769,1,0.9857399242,1,0.2359553661,0.9999999999,0.0008686491422
0.8788788789,1,0.9862170085,1,0.2401401767,0.9999999999,0.0009158544461
0.8808808809,1,0.9866792231,1,0.2443554614,0.9999999999,0.0009652911644
0.8828828829,1,0.9871269843,1,0.2486006002,0.9999999999,0.001017046865
0.8848848849,1,0.9875606988,1,0.2528749626,0.9999999999,0.001071211697
0.8868868869,1,0.9879807637,1,0.2571779075,0.9999999999,0.001127878428
0.8888888889,1,0.9883875669,1,0.2615087842,0.9999999999,0.001187142484
0.8908908909,1,0.9887814868,1,0.2658669324,0.9999999999,0.001249101991
0.8928928929,1,0.9891628931,1,0.2702516824,0.9999999999,0.001313857805
0.8948948949,1,0.9895321462,1,0.274662356,1,0.001381513555
0.8968968969,1,0.9898895979,1,0.2790982664,1,0.001452175675
0.8988988989,1,0.9902355912,1,0.283558719,1,0.001525953439
0.9009009009,1,0.9905704609,1,0.2880430115,1,0.001602958992
0.9029029029,1,0.9908945331,1,0.2925504345,1,0.001683307386
0.9049049049,1,0.9912081258,1,0.2970802716,1,0.001767116603
0.9069069069,1,0.991511549,1,0.3016318002,1,0.001854507592
0.9089089089,1,0.9918051048,1,0.3062042916,1,0.001945604291
0.9109109109,1,0.9920890875,1,0.3107970117,1,0.002040533655
0.9129129129,1,0.9923637838,1,0.3154092209,1,0.002139425681
0.9149149149,1,0.9926294727,1,0.320040175,1,0.002242413429
0.9169169169,1,0.9928864263,1,0.3246891255,1,0.002349633043
0.9189189189,1,0.9931349091,1,0.3293553198,1,0.002461223774
0.9209209209,1,0.9933751789,1,0.3340380017,1,0.002577327991
0.9229229229,1,0.9936074865,1,0.3387364119,1,0.002698091204
0.9249249249,1,0.9938320757,1,0.3434497884,1,0.002823662072
0.9269269269,1,0.9940491841,1,0.3481773665,1,0.002954192416
0.9289289289,1,0.9942590425,1,0.35291838,1,0.003089837232
0.9309309309,1,0.9944618757,1,0.3576720607,1,0.003230754692
0.9329329329,1,0.9946579019,1,0.3624376394,1,0.003377106156
0.9349349349,1,0.9948473336,1,0.367214346,1,0.003529056172
0.9369369369,1,0.9950303773,1,0.3720014099,1,0.003686772473
0.9389389389,1,0.9952072336,1,0.3767980607,1,0.003850425985
0.9409409409,1,0.9953780975,1,0.381603528,1,0.004020190812
0.9429429429,1,0.9955431586,1,0.3864170424,1,0.00419624424
0.9449449449,1,0.9957026009,1,0.3912378352,1,0.004378766719
0.9469469469,1,0.9958566033,1,0.3960651394,1,0.004567941858
0.9489489489,1,0.9960053395,1,0.4008981896,1,0.00476395641
0.950950951,1,0.9961489781,1,0.4057362227,1,0.004967000251
0.952952953,1,0.996287683,1,0.4105784778,1,0.005177266368
0.954954955,1,0.9964216133,1,0.4154241971,1,0.005394950832
0.956956957,1,0.9965509231,1,0.4202726258,1,0.005620252773
0.958958959,1,0.9966757624,1,0.4251230125,1,0.005853374359
0.960960961,1,0.9967962766,1,0.4299746096,1,0.006094520758
0.962962963,1,0.9969126066,1,0.4348266739,1,0.006343900109
0.964964965,1,0.9970248894,1,0.4396784661,1,0.00660172349
0.966966967,1,0.9971332578,1,0.4445292522,1,0.006868204871
0.968968969,1,0.9972378404,1,0.4493783027,1,0.00714356108
0.970970971,1,0.9973387622,1,0.4542248936,1,0.007428011757
0.972972973,1,0.9974361443,1,0.4590683067,1,0.007721779303
0.974974975,1,0.9975301041,1,0.4639078294,1,0.008025088835
0.976976977,1,0.9976207553,1,0.4687427552,1,0.008338168134
0.978978979,1,0.9977082084,1,0.4735723843,1,0.008661247581
0.980980981,1,0.9977925702,1,0.4783960231,1,0.008994560109
0.982982983,1,0.9978739443,1,0.4832129853,1,0.009338341133
0.984984985,1,0.9979524312,1,0.4880225914,1,0.009692828491
0.986986987,1,0.9980281281,1,0.4928241696,1,0.01005826237
0.988988989,1,0.9981011293,1,0.4976170554,1,0.01043488526
0.990990991,1,0.998171526,1,0.5024005922,1,0.01082294182
0.992992993,1,0.9982394065,1,0.5071741315,1,0.01122267889
0.994994995,1,0.9983048566,1,0.5119370327,1,0.01163434534
0.996996997,1,0.9983679592,1,0.516688664,1,0.01205819201
0.998998999,1,0.9984287943,1,0.5214284018,1,0.01249447165
1.001001001,1,0.9984874398,1,0.5261556317,1,0.0129434388
1.003003003,1,0.9985439709,1,0.5308697478,1,0.01340534971
1.005005005,1,0.9985984602,1,0.5355701534,1,0.01388046227
1.007007007,1,0.9986509783,1,0.5402562613,1,0.01436903587
1.009009009,1,0.9987015934,1,0.5449274935,1,0.01487133134
1.011011011,1,0.9987503712,1,0.5495832813,1,0.01538761086
1.013013013,1,0.9987973758,1,0.5542230662,1,0.01591813779
1.015015015,1,0.9988426687,1,0.5588462989,1,0.01646317666
1.017017017,1,0.9988863097,1,0.5634524403,1,0.01702299298
1.019019019,1,0.9989283564,1,0.5680409615,1,0.01759785318
1.021021021,1,0.9989688649,1,0.5726113432,1,0.01818802448
1.023023023,1,0.9990078889,1,0.5771630767,1,0.01879377476
1.025025025,1,0.9990454807,1,0.5816956635,1,0.01941537249
1.027027027,1,0.9990816909,1,0.5862086153,1,0.02005308657
1.029029029,1,0.9991165681,1,0.5907014544,1,0.02070718622
1.031031031,1,0.9991501595,1,0.5951737136,1,0.02137794087
1.033033033,1,0.9991825107,1,0.5996249362,1,0.02206562001
1.035035035,1,0.9992136658,1,0.6040546761,1,0.02277049312
1.037037037,1,0.9992436673,1,0.6084624978,1,0.02349282945
1.039039039,1,0.9992725563,1,0.6128479767,1,0.024232898
1.041041041,1,0.9993003725,1,0.6172106985,1,0.02499096728
1.043043043,1,0.9993271545,1,0.6215502602,1,0.02576730528
1.045045045,1,0.9993529391,1,0.6258662691,1,0.02656217926
1.047047047,1,0.9993777623,1,0.6301583435,1,0.02737585565
1.049049049,1,0.9994016586,1,0.6344261124,1,0.02820859993
1.051051051,1,0.9994246614,1,0.6386692156,1,0.02906067645
1.053053053,1,0.9994468031,1,0.6428873035,1,0.02993234831
1.055055055,1,0.9994681147,1,0.6470800376,1,0.03082387726
1.057057057,1,0.9994886262,1,0.6512470899,1,0.03173552348
1.059059059,1,0.9995083669,1,0.6553881431,1,0.03266754553
1.061061061,1,0.9995273646,1,0.6595028906,1,0.03362020016
1.063063063,1,0.9995456464,1,0.6635910365,1,0.03459374214
1.065065065,1,0.9995632384,1,0.6676522956,1,0.03558842421
1.067067067,1,0.9995801658,1,0.671686393,1,0.03660449683
1.069069069,1,0.999596453,1,0.6756930646,1,0.03764220815
1.071071071,1,0.9996121234,1,0.6796720566,1,0.03870180376
1.073073073,1,0.9996271996,1,0.6836231255,1,0.03978352662
1.075075075,1,0.9996417035,1,0.6875460385,1,0.0408876169
1.077077077,1,0.9996556561,1,0.6914405726,1,0.04201431185
1.079079079,1,0.9996690778,1,0.6953065153,1,0.04316384562
1.081081081,1,0.9996819882,1,0.6991436643,1,0.04433644916
1.083083083,1,0.9996944062,1,0.702951827,1,0.04553235007
1.085085085,1,0.9997063501,1,0.706730821,1,0.04675177245
1.087087087,1,0.9997178373,1,0.7104804738,1,0.0479949368
1.089089089,1,0.999728885,1,0.7142006226,1,0.04926205981
1.091091091,1,0.9997395094,1,0.7178911142,1,0.05055335429
1.093093093,1,0.9997497263,1,0.7215518052,1,0.05186902904
1.095095095,1,0.9997595509,1,0.7251825614,1,0.05320928864
1.097097097,1,0.9997689978,1,0.7287832583,1,0.05457433341
1.099099099,1,0.9997780813,1,0.7323537804,1,0.05596435922
1.101101101,1,0.9997868149,1,0.7358940216,1,0.05737955738
1.103103103,1,0.9997952117,1,0.7394038847,1,0.05882011451
1.105105105,1,0.9998032843,1,0.7428832815,1,0.06028621243
1.107107107,1,0.9998110451,1,0.7463321325,1,0.06177802802
1.109109109,1,0.9998185057,1,0.7497503672,1,0.06329573308
1.111111111,1,0.9998256774,1,0.7531379234,1,0.06483949426
1.113113113,1,0.9998325712,1,0.7564947474,1,0.0664094729
1.115115115,1,0.9998391975,1,0.7598207941,1,0.06800582493
1.117117117,1,0.9998455665,1,0.7631160262,1,0.06962870076
1.119119119,1,0.9998516879,1,0.7663804149,1,0.07127824517
1.121121121,1,0.9998575712,1,0.7696139389,1,0.07295459718
1.123123123,1,0.9998632253,1,0.7728165852,1,0.07465788999
1.125125125,1,0.9998686591,1,0.7759883482,1,0.07638825083
1.127127127,1,0.9998738808,1,0.7791292299,1,0.07814580089
1.129129129,1,0.9998788986,1,0.7822392397,1,0.07993065521
1.131131131,1,0.9998837202,1,0.7853183944,1,0.08174292259
1.133133133,1,0.9998883532,1,0.7883667178,1,0.08358270551
1.135135135,1,0.9998928048,1,0.7913842409,1,0.08545010001
1.137137137,1,0.9998970818,1,0.7943710015,1,0.08734519564
1.139139139,1,0.9999011911,1,0.797327044,1,0.08926807537
1.141141141,1,0.999905139,1,0.8002524195,1,0.09121881548
1.143143143,1,0.9999089318,1,0.8031471858,1,0.09319748553
1.145145145,1,0.9999125754,1,0.8060114065,1,0.09520414828
1.147147147,1,0.9999160756,1,0.808845152,1,0.09723885957
1.149149149,1,0.9999194379,1,0.8116484982,1,0.09930166835
1.151151151,1,0.9999226676,1,0.8144215273,1,0.1013926165
1.153153153,1,0.9999257698,1,0.817164327,1,0.1035117389
1.155155155,1,0.9999287496,1,0.8198769908,1,0.1056590633
1.157157157,1,0.9999316115,1,0.8225596176,1,0.1078346102
1.159159159,1,0.9999343602,1,0.8252123118,1,0.110038393
1.161161161,1,0.9999370001,1,0.8278351828,1,0.1122704178
1.163163163,1,0.9999395354,1,0.8304283452,1,0.1145306833
1.165165165,1,0.9999419702,1,0.8329919185,1,0.1168191811
1.167167167,1,0.9999443083,1,0.8355260271,1,0.1191358951
1.169169169,1,0.9999465536,1,0.8380308,1,0.1214808022
1.171171171,1,0.9999487097,1,0.8405063707,1,0.1238538716
1.173173173,1,0.99995078,1,0.8429528772,1,0.126255065
1.175175175,1,0.9999527679,1,0.8453704616,1,0.128684337
1.177177177,1,0.9999546766,1,0.8477592704,1,0.1311416344
1.179179179,1,0.9999565093,1,0.8501194539,1,0.1336268966
1.181181181,1,0.9999582688,1,0.8524511662,1,0.1361400556
1.183183183,1,0.9999599581,1,0.8547545655,1,0.1386810359
1.185185185,1,0.9999615799,1,0.8570298134,1,0.1412497545
1.187187187,1,0.9999631369,1,0.8592770748,1,0.1438461208
1.189189189,1,0.9999646316,1,0.8614965183,1,0.1464700369
1.191191191,1,0.9999660665,1,0.8636883157,1,0.1491213974
1.193193193,1,0.9999674439,1,0.8658526417,1,0.1518000895
1.195195195,1,0.9999687661,1,0.8679896743,1,0.1545059929
1.197197197,1,0.9999700353,1,0.8700995941,1,0.15723898
1.199199199,1,0.9999712535,1,0.8721825846,1,0.1599989158
1.201201201,1,0.9999724228,1,0.874238832,1,0.1627856579
1.203203203,1,0.9999735451,1,0.8762685249,1,0.1655990568
1.205205205,1,0.9999746223,1,0.8782718545,1,0.1684389557
1.207207207,1,0.9999756561,1,0.8802490142,1,0.1713051904
1.209209209,1,0.9999766483,1,0.8822001994,1,0.1741975898
1.211211211,1,0.9999776005,1,0.884125608,1,0.1771159756
1.213213213,1,0.9999785144,1,0.8860254395,1,0.1800601623
1.215215215,1,0.9999793914,1,0.8878998955,1,0.1830299577
1.217217217,1,0.999980233,1,0.8897491793,1,0.1860251624
1.219219219,1,0.9999810406,1,0.8915734958,1,0.1890455703
1.221221221,1,0.9999818155,1,0.8933730516,1,0.1920909685
1.223223223,1,0.9999825591,1,0.8951480546,1,0.1951611372
1.225225225,1,0.9999832727,1,0.8968987141,1,0.1982558501
1.227227227,1,0.9999839573,1,0.8986252409,1,0.2013748744
1.229229229,1,0.9999846143,1,0.9003278467,1,0.2045179705
1.231231231,1,0.9999852446,1,0.9020067443,1,0.2076848928
1.233233233,1,0.9999858493,1,0.9036621476,1,0.210875389
1.235235235,1,0.9999864295,1,0.9052942715,1,0.2140892007
1.237237237,1,0.9999869862,1,0.9069033314,1,0.2173260635
1.239239239,1,0.9999875202,1,0.9084895438,1,0.2205857068
1.241241241,1,0.9999880326,1,0.9100531254,1,0.223867854
1.243243243,1,0.9999885241,1,0.911594294,1,0.2271722227
1.245245245,1,0.9999889956,1,0.9131132674,1,0.2304985248
1.247247247,1,0.999989448,1,0.9146102641,1,0.2338464666
1.249249249,1,0.9999898819,1,0.9160855029,1,0.2372157487
1.251251251,1,0.9999902981,1,0.9175392026,1,0.2406060664
1.253253253,1,0.9999906974,1,0.9189715825,1,0.2440171096
1.255255255,1,0.9999910804,1,0.9203828618,1,0.2474485631
1.257257257,1,0.9999914477,1,0.9217732598,1,0.2509001065
1.259259259,1,0.9999918001,1,0.9231429958,1,0.2543714145
1.261261261,1,0.9999921381,1,0.924492289,1,0.257862157
1.263263263,1,0.9999924622,1,0.9258213584,1,0.2613719989
1.265265265,1,0.9999927731,1,0.9271304226,1,0.264900601
1.267267267,1,0.9999930713,1,0.9284197003,1,0.2684476191
1.269269269,1,0.9999933573,1,0.9296894095,1,0.272012705
1.271271271,1,0.9999936316,1,0.930939768,1,0.2755955061
1.273273273,1,0.9999938947,1,0.9321709929,1,0.2791956657
1.275275275,1,0.9999941469,1,0.9333833011,1,0.2828128234
1.277277277,1,0.9999943889,1,0.9345769087,1,0.2864466145
1.279279279,1,0.9999946209,1,0.9357520312,1,0.2900966711
1.281281281,1,0.9999948434,1,0.9369088834,1,0.2937626213
1.283283283,1,0.9999950567,1,0.9380476795,1,0.2974440901
1.285285285,1,0.9999952613,1,0.9391686328,1,0.301140699
1.287287287,1,0.9999954575,1,0.9402719558,1,0.3048520665
1.289289289,1,0.9999956457,1,0.9413578602,1,0.308577808
1.291291291,1,0.9999958261,1,0.9424265566,1,0.3123175359
1.293293293,1,0.9999959991,1,0.943478255,1,0.3160708602
1.295295295,1,0.9999961649,1,0.944513164,1,0.3198373878
1.297297297,1,0.9999963239,1,0.9455314915,1,0.3236167236
1.299299299,1,0.9999964764,1,0.9465334441,1,0.32740847
1.301301301,1,0.9999966226,1,0.9475192274,1,0.3312122271
1.303303303,1,0.9999967628,1,0.9484890459,1,0.3350275932
1.305305305,1,0.9999968972,1,0.9494431028,1,0.3388541644
1.307307307,1,0.9999970261,1,0.9503816001,1,0.3426915353
1.309309309,1,0.9999971496,1,0.9513047389,1,0.3465392987
1.311311311,1,0.9999972681,1,0.9522127185,1,0.3503970461
1.313313313,1,0.9999973816,1,0.9531057373,1,0.3542643674
1.315315315,1,0.9999974905,1,0.9539839921,1,0.3581408516
1.317317317,1,0.9999975948,1,0.9548476787,1,0.3620260864
1.319319319,1,0.9999976949,1,0.9556969913,1,0.3659196586
1.321321321,1,0.9999977908,1,0.9565321225,1,0.3698211544
1.323323323,1,0.9999978827,1,0.957353264,1,0.3737301591
1.325325325,1,0.9999979709,1,0.9581606056,1,0.3776462576
1.327327327,1,0.9999980554,1,0.9589543358,1,0.3815690345
1.329329329,1,0.9999981364,1,0.9597346418,1,0.385498074
1.331331331,1,0.999998214,1,0.960501709,1,0.3894329603
1.333333333,1,0.9999982884,1,0.9612557214,1,0.3933732775
1.335335335,1,0.9999983598,1,0.9619968616,1,0.3973186102
1.337337337,1,0.9999984282,1,0.9627253104,1,0.4012685427
1.339339339,1,0.9999984937,1,0.9634412474,1,0.4052226603
1.341341341,1,0.9999985566,1,0.9641448502,1,0.4091805485
1.343343343,1,0.9999986168,1,0.9648362951,1,0.4131417936
1.345345345,1,0.9999986745,1,0.9655157568,1,0.4171059826
1.347347347,1,0.9999987298,1,0.9661834083,1,0.4210727035
1.349349349,1,0.9999987829,1,0.966839421,1,0.4250415455
1.351351351,1,0.9999988337,1,0.9674839647,1,0.4290120986
1.353353353,1,0.9999988824,1,0.9681172075,1,0.4329839544
1.355355355,1,0.9999989291,1,0.968739316,1,0.4369567059
1.357357357,1,0.9999989738,1,0.969350455,1,0.4409299473
1.359359359,1,0.9999990167,1,0.9699507878,1,0.444903275
1.361361361,1,0.9999990578,1,0.9705404759,1,0.4488762866
1.363363363,1,0.9999990972,1,0.9711196793,1,0.4528485819
1.365365365,1,0.999999135,1,0.9716885562,1,0.4568197625
1.367367367,1,0.9999991712,1,0.9722472632,1,0.4607894323
1.369369369,1,0.9999992058,1,0.9727959551,1,0.4647571972
1.371371371,1,0.9999992391,1,0.9733347853,1,0.4687226656
1.373373373,1,0.9999992709,1,0.9738639053,1,0.4726854479
1.375375375,1,0.9999993014,1,0.9743834651,1,0.4766451576
1.377377377,1,0.9999993307,1,0.9748936128,1,0.4806014102
1.379379379,1,0.9999993587,1,0.9753944952,1,0.4845538244
1.381381381,1,0.9999993856,1,0.975886257,1,0.4885020214
1.383383383,1,0.9999994113,1,0.9763690415,1,0.4924456254
1.385385385,1,0.999999436,1,0.9768429904,1,0.4963842634
1.387387387,1,0.9999994596,1,0.9773082436,1,0.5003175659
1.389389389,1,0.9999994822,1,0.9777649393,1,0.504245166
1.391391391,1,0.9999995039,1,0.9782132143,1,0.5081667004
1.393393393,1,0.9999995247,1,0.9786532034,1,0.5120818091
1.395395395,1,0.9999995447,1,0.9790850402,1,0.5159901354
1.397397397,1,0.9999995638,1,0.9795088562,1,0.5198913261
1.399399399,1,0.9999995821,1,0.9799247817,1,0.5237850317
1.401401401,1,0.9999995996,1,0.980332945,1,0.527670906
1.403403403,1,0.9999996164,1,0.9807334732,1,0.5315486069
1.405405405,1,0.9999996325,1,0.9811264914,1,0.5354177958
1.407407407,1,0.9999996479,1,0.9815121233,1,0.539278138
1.409409409,1,0.9999996627,1,0.9818904911,1,0.5431293027
1.411411411,1,0.9999996768,1,0.9822617152,1,0.5469709633
1.413413413,1,0.9999996904,1,0.9826259145,1,0.5508027968
1.415415415,1,0.9999997034,1,0.9829832066,1,0.5546244845
1.417417417,1,0.9999997159,1,0.9833337071,1,0.558435712
1.419419419,1,0.9999997278,1,0.9836775304,1,0.5622361689
1.421421421,1,0.9999997392,1,0.9840147892,1,0.566025549
1.423423423,1,0.9999997502,1,0.9843455947,1,0.5698035506
1.425425425,1,0.9999997607,1,0.9846700567,1,0.5735698761
1.427427427,1,0.9999997707,1,0.9849882833,1,0.5773242325
1.429429429,1,0.9999997804,1,0.9853003814,1,0.5810663312
1.431431431,1,0.9999997896,1,0.9856064561,1,0.5847958878
1.433433433,1,0.9999997984,1,0.9859066111,1,0.5885126228
1.435435435,1,0.9999998069,1,0.9862009489,1,0.592216261
1.437437437,1,0.999999815,1,0.9864895703,1,0.5959065319
1.439439439,1,0.9999998228,1,0.9867725747,1,0.5995831694
1.441441441,1,0.9999998303,1,0.9870500602,1,0.6032459124
1.443443443,1,0.9999998374,1,0.9873221233,1,0.6068945041
1.445445445,1,0.9999998442,1,0.9875888593,1,0.6105286927
1.447447447,1,0.9999998508,1,0.9878503619,1,0.6141482307
1.449449449,1,0.9999998571,1,0.9881067237,1,0.6177528759
1.451451451,1,0.9999998631,1,0.9883580356,1,0.6213423904
1.453453453,1,0.9999998688,1,0.9886043876,1,0.6249165413
1.455455455,1,0.9999998744,1,0.9888458678,1,0.6284751003
1.457457457,1,0.9999998796,1,0.9890825636,1,0.6320178442
1.459459459,1,0.9999998847,1,0.9893145605,1,0.6355445543
1.461461461,1,0.9999998896,1,0.9895419431,1,0.6390550169
1.463463463,1,0.9999998942,1,0.9897647947,1,0.642549023
1.465465465,1,0.9999998987,1,0.989983197,1,0.6460263687
1.467467467,1,0.9999999029,1,0.9901972309,1,0.6494868546
1.469469469,1,0.999999907,1,0.9904069756,1,0.6529302864
1.471471471,1,0.9999999109,1,0.9906125095,1,0.6563564745
1.473473473,1,0.9999999147,1,0.9908139095,1,0.6597652341
1.475475475,1,0.9999999183,1,0.9910112513,1,0.6631563854
1.477477477,1,0.9999999217,1,0.9912046097,1,0.6665297534
1.479479479,1,0.999999925,1,0.9913940578,1,0.6698851677
1.481481481,1,0.9999999282,1,0.9915796681,1,0.6732224629
1.483483483,1,0.9999999312,1,0.9917615116,1,0.6765414786
1.485485485,1,0.9999999341,1,0.9919396582,1,0.6798420587
1.487487487,1,0.9999999369,1,0.9921141769,1,0.6831240522
1.489489489,1,0.9999999395,1,0.9922851353,1,0.686387313
1.491491491,1,0.9999999421,1,0.9924526,1,0.6896316994
1.493493493,1,0.9999999445,1,0.9926166366,1,0.6928570746
1.495495495,1,0.9999999469,1,0.9927773096,1,0.6960633065
1.497497497,1,0.9999999491,1,0.9929346824,1,0.6992502677
1.499499499,1,0.9999999512,1,0.9930888174,1,0.7024178355
1.501501502,1,0.9999999533,1,0.9932397758,1,0.7055658917
1.503503504,1,0.9999999553,1,0.993387618,1,0.7086943228
1.505505506,1,0.9999999572,1,0.9935324034,1,0.7118030201
1.507507508,1,0.999999959,1,0.9936741902,1,0.714891879
1.50950951,1,0.9999999607,1,0.9938130359,1,0.7179607999
1.511511512,1,0.9999999623,1,0.9939489967,1,0.7210096875
1.513513514,1,0.9999999639,1,0.9940821281,1,0.7240384508
1.515515516,1,0.9999999655,1,0.9942124846,1,0.7270470036
1.517517518,1,0.9999999669,1,0.9943401197,1,0.7300352639
1.51951952,1,0.9999999683,1,0.9944650861,1,0.733003154
1.521521522,1,0.9999999696,1,0.9945874356,1,0.7359506008
1.523523524,1,0.9999999709,1,0.9947072189,1,0.7388775352
1.525525526,1,0.9999999721,1,0.994824486,1,0.7417838926
1.527527528,1,0.9999999733,1,0.994939286,1,0.7446696126
1.52952953,1,0.9999999744,1,0.9950516672,1,0.7475346387
1.531531532,1,0.9999999755,1,0.9951616769,1,0.7503789191
1.533533534,1,0.9999999766,1,0.9952693618,1,0.7532024055
1.535535536,1,0.9999999775,1,0.9953747676,1,0.7560050541
1.537537538,1,0.9999999785,1,0.9954779392,1,0.7587868249
1.53953954,1,0.9999999794,1,0.9955789208,1,0.761547682
1.541541542,1,0.9999999803,1,0.9956777557,1,0.7642875933
1.543543544,1,0.9999999811,1,0.9957744865,1,0.7670065308
1.545545546,1,0.9999999819,1,0.9958691551,1,0.7697044702
1.547547548,1,0.9999999827,1,0.9959618026,1,0.7723813909
1.54954955,1,0.9999999834,1,0.9960524693,1,0.7750372763
1.551551552,1,0.9999999841,1,0.9961411948,1,0.7776721134
1.553553554,1,0.9999999848,1,0.996228018,1,0.7802858927
1.555555556,1,0.9999999854,1,0.9963129771,1,0.7828786086
1.557557558,1,0.999999986,1,0.9963961096,1,0.7854502589
1.55955956,1,0.9999999866,1,0.9964774523,1,0.7880008448
1.561561562,1,0.9999999872,1,0.9965570414,1,0.7905303713
1.563563564,1,0.9999999877,1,0.9966349123,1,0.7930388464
1.565565566,1,0.9999999882,1,0.9967110999,1,0.7955262819
1.567567568,1,0.9999999887,1,0.9967856384,1,0.7979926925
1.56956957,1,0.9999999892,1,0.9968585612,1,0.8004380965
1.571571572,1,0.9999999897,1,0.9969299014,1,0.8028625152
1.573573574,1,0.9999999901,1,0.9969996913,1,0.8052659731
1.575575576,1,0.9999999905,1,0.9970679625,1,0.8076484979
1.577577578,1,0.9999999909,1,0.9971347462,1,0.8100101203
1.57957958,1,0.9999999913,1,0.9972000729,1,0.812350874
1.581581582,1,0.9999999917,1,0.9972639725,1,0.8146707956
1.583583584,1,0.999999992,1,0.9973264746,1,0.8169699248
1.585585586,1,0.9999999923,1,0.9973876079,1,0.819248304
1.587587588,1,0.9999999927,1,0.9974474006,1,0.8215059783
1.58958959,1,0.999999993,1,0.9975058807,1,0.8237429957
1.591591592,1,0.9999999933,1,0.9975630752,1,0.825959407
1.593593594,1,0.9999999936,1,0.997619011,1,0.8281552654
1.595595596,1,0.9999999938,1,0.9976737141,1,0.8303306268
1.597597598,1,0.9999999941,1,0.9977272103,1,0.8324855496
1.5995996,1,0.9999999943,1,0.9977795249,1,0.8346200947
1.601601602,1,0.9999999946,1,0.9978306824,1,0.8367343256
1.603603604,1,0.9999999948,1,0.9978807072,1,0.838828308
1.605605606,1,0.999999995,1,0.997929623,1,0.8409021098
1.607607608,1,0.9999999952,1,0.9979774531,1,0.8429558015
1.60960961,1,0.9999999954,1,0.9980242204,1,0.8449894557
1.611611612,1,0.9999999956,1,0.9980699472,1,0.847003147
1.613613614,1,0.9999999958,1,0.9981146556,1,0.8489969524
1.615615616,1,0.999999996,1,0.9981583671,1,0.8509709508
1.617617618,1,0.9999999962,1,0.9982011028,1,0.8529252231
1.61961962,1,0.9999999963,1,0.9982428834,1,0.8548598523
1.621621622,1,0.9999999965,1,0.9982837292,1,0.8567749233
1.623623624,1,0.9999999966,1,0.9983236601,1,0.8586705228
1.625625626,1,0.9999999968,1,0.9983626955,1,0.8605467394
1.627627628,1,0.9999999969,1,0.9984008546,1,0.8624036633
1.62962963,1,0.999999997,1,0.9984381562,1,0.8642413866
1.631631632,1,0.9999999972,1,0.9984746185,1,0.8660600031
1.633633634,1,0.9999999973,1,0.9985102595,1,0.8678596081
1.635635636,1,0.9999999974,1,0.998545097,1,0.8696402985
1.637637638,1,0.9999999975,1,0.9985791481,1,0.8714021728
1.63963964,1,0.9999999976,1,0.9986124298,1,0.8731453309
1.641641642,1,0.9999999977,1,0.9986449587,1,0.8748698743
1.643643644,1,0.9999999978,1,0.998676751,1,0.8765759056
1.645645646,1,0.9999999979,1,0.9987078227,1,0.878263529
1.647647648,1,0.999999998,1,0.9987381893,1,0.8799328499
1.64964965,1,0.9999999981,1,0.9987678662,1,0.8815839749
1.651651652,1,0.9999999982,1,0.9987968683,1,0.883217012
1.653653654,1,0.9999999982,1,0.9988252102,1,0.8848320701
1.655655656,1,0.9999999983,1,0.9988529064,1,0.8864292594
1.657657658,1,0.9999999984,1,0.998879971,1,0.8880086912
1.65965966,1,0.9999999984,1,0.9989064176,1,0.8895704776
1.661661662,1,0.9999999985,1,0.9989322599,1,0.8911147319
1.663663664,1,0.9999999986,1,0.998957511,1,0.8926415684
1.665665666,1,0.9999999986,1,0.9989821839,1,0.8941511021
1.667667668,1,0.9999999987,1,0.9990062913,1,0.8956434489
1.66966967,1,0.9999999987,1,0.9990298456,1,0.8971187257
1.671671672,1,0.9999999988,1,0.9990528589,1,0.8985770501
1.673673674,1,0.9999999988,1,0.9990753433,1,0.9000185403
1.675675676,1,0.9999999989,1,0.9990973103,1,0.9014433153
1.677677678,1,0.9999999989,1,0.9991187713,1,0.9028514949
1.67967968,1,0.999999999,1,0.9991397376,1,0.9042431994
1.681681682,1,0.999999999,1,0.9991602202,1,0.9056185497
1.683683684,1,0.9999999991,1,0.9991802296,1,0.9069776672
1.685685686,1,0.9999999991,1,0.9991997765,1,0.9083206739
1.687687688,1,0.9999999991,1,0.9992188711,1,0.9096476923
1.68968969,1,0.9999999992,1,0.9992375235,1,0.9109588452
1.691691692,1,0.9999999992,1,0.9992557435,1,0.9122542561
1.693693694,1,0.9999999992,1,0.9992735407,1,0.9135340485
1.695695696,1,0.9999999993,1,0.9992909246,1,0.9147983465
1.697697698,1,0.9999999993,1,0.9993079045,1,0.9160472745
1.6996997,1,0.9999999993,1,0.9993244893,1,0.9172809572
1.701701702,1,0.9999999994,1,0.9993406879,1,0.9184995192
1.703703704,1,0.9999999994,1,0.999356509,1,0.9197030858
1.705705706,1,0.9999999994,1,0.9993719611,1,0.9208917822
1.707707708,1,0.9999999994,1,0.9993870524,1,0.9220657339
1.70970971,1,0.9999999995,1,0.9994017911,1,0.9232250662
1.711711712,1,0.9999999995,1,0.999416185,1,0.924369905
1.713713714,1,0.9999999995,1,0.9994302421,1,0.9255003759
1.715715716,1,0.9999999995,1,0.9994439699,1,0.9266166046
1.717717718,1,0.9999999996,1,0.9994573758,1,0.9277187168
1.71971972,1,0.9999999996,1,0.9994704671,1,0.9288068383
1.721721722,1,0.9999999996,1,0.999483251,1,0.9298810948
1.723723724,1,0.9999999996,1,0.9994957343,1,0.9309416118
1.725725726,1,0.9999999996,1,0.9995079241,1,0.9319885149
1.727727728,1,0.9999999996,1,0.9995198268,1,0.9330219294
1.72972973,1,0.9999999997,1,0.999531449,1,0.9340419806
1.731731732,1,0.9999999997,1,0.9995427972,1,0.9350487934
1.733733734,1,0.9999999997,1,0.9995538776,1,0.9360424929
1.735735736,1,0.9999999997,1,0.9995646962,1,0.9370232036
1.737737738,1,0.9999999997,1,0.9995752591,1,0.93799105
1.73973974,1,0.9999999997,1,0.9995855722,1,0.9389461561
1.741741742,1,0.9999999997,1,0.999595641,1,0.939888646
1.743743744,1,0.9999999997,1,0.9996054713,1,0.940818643
1.745745746,1,0.9999999998,1,0.9996150685,1,0.9417362704
1.747747748,1,0.9999999998,1,0.9996244379,1,0.9426416512
1.74974975,1,0.9999999998,1,0.9996335848,1,0.9435349078
1.751751752,1,0.9999999998,1,0.9996425143,1,0.9444161624
1.753753754,1,0.9999999998,1,0.9996512315,1,0.9452855367
1.755755756,1,0.9999999998,1,0.9996597411,1,0.9461431521
1.757757758,1,0.9999999998,1,0.999668048,1,0.9469891294
1.75975976,1,0.9999999998,1,0.9996761569,1,0.947823589
1.761761762,1,0.9999999998,1,0.9996840724,1,0.948646651
1.763763764,1,0.9999999998,1,0.9996917989,1,0.9494584347
1.765765766,1,0.9999999998,1,0.9996993407,1,0.9502590592
1.767767768,1,0.9999999998,1,0.9997067023,1,0.9510486428
1.76976977,1,0.9999999999,1,0.9997138877,1,0.9518273035
1.771771772,1,0.9999999999,1,0.9997209011,1,0.9525951588
1.773773774,1,0.9999999999,1,0.9997277465,1,0.9533523253
1.775775776,1,0.9999999999,1,0.9997344277,1,0.9540989194
1.777777778,1,0.9999999999,1,0.9997409486,1,0.9548350566
1.77977978,1,0.9999999999,1,0.9997473129,1,0.9555608521
1.781781782,1,0.9999999999,1,0.9997535243,1,0.9562764202
1.783783784,1,0.9999999999,1,0.9997595864,1,0.9569818749
1.785785786,1,0.9999999999,1,0.9997655026,1,0.9576773293
1.787787788,1,0.9999999999,1,0.9997712763,1,0.9583628959
1.78978979,1,0.9999999999,1,0.9997769109,1,0.9590386866
1.791791792,1,0.9999999999,1,0.9997824097,1,0.9597048127
1.793793794,1,0.9999999999,1,0.9997877758,1,0.9603613847
1.795795796,1,0.9999999999,1,0.9997930124,1,0.9610085124
1.797797798,1,0.9999999999,1,0.9997981224,1,0.9616463051
1.7997998,1,0.9999999999,1,0.999803109,1,0.9622748713
1.801801802,1,0.9999999999,1,0.9998079748,1,0.9628943186
1.803803804,1,0.9999999999,1,0.9998127229,1,0.9635047541
1.805805806,1,0.9999999999,1,0.999817356,1,0.9641062843
1.807807808,1,0.9999999999,1,0.9998218768,1,0.9646990145
1.80980981,1,0.9999999999,1,0.999826288,1,0.9652830498
1.811811812,1,0.9999999999,1,0.9998305921,1,0.9658584943
1.813813814,1,0.9999999999,1,0.9998347916,1,0.9664254512
1.815815816,1,0.9999999999,1,0.9998388891,1,0.9669840232
1.817817818,1,0.9999999999,1,0.999842887,1,0.9675343122
1.81981982,1,0.9999999999,1,0.9998467877,1,0.9680764192
1.821821822,1,1,1,0.9998505933,1,0.9686104445
1.823823824,1,1,1,0.9998543063,1,0.9691364877
1.825825826,1,1,1,0.9998579287,1,0.9696546475
1.827827828,1,1,1,0.9998614628,1,0.9701650219
1.82982983,1,1,1,0.9998649106,1,0.970667708
1.831831832,1,1,1,0.9998682743,1,0.9711628024
1.833833834,1,1,1,0.9998715558,1,0.9716504005
1.835835836,1,1,1,0.999874757,1,0.9721305972
1.837837838,1,1,1,0.9998778799,1,0.9726034864
1.83983984,1,1,1,0.9998809264,1,0.9730691615
1.841841842,1,1,1,0.9998838982,1,0.9735277147
1.843843844,1,1,1,0.9998867973,1,0.9739792377
1.845845846,1,1,1,0.9998896252,1,0.9744238213
1.847847848,1,1,1,0.9998923838,1,0.9748615555
1.84984985,1,1,1,0.9998950746,1,0.9752925294
1.851851852,1,1,1,0.9998976994,1,0.9757168314
1.853853854,1,1,1,0.9999002596,1,0.9761345491
1.855855856,1,1,1,0.9999027569,1,0.9765457693
1.857857858,1,1,1,0.9999051927,1,0.9769505778
1.85985986,1,1,1,0.9999075686,1,0.9773490598
1.861861862,1,1,1,0.999909886,1,0.9777412996
1.863863864,1,1,1,0.9999121462,1,0.9781273808
1.865865866,1,1,1,0.9999143507,1,0.9785073861
1.867867868,1,1,1,0.9999165009,1,0.9788813973
1.86986987,1,1,1,0.9999185979,1,0.9792494956
1.871871872,1,1,1,0.9999206432,1,0.9796117612
1.873873874,1,1,1,0.9999226379,1,0.9799682737
1.875875876,1,1,1,0.9999245833,1,0.9803191117
1.877877878,1,1,1,0.9999264806,1,0.9806643531
1.87987988,1,1,1,0.9999283309,1,0.981004075
1.881881882,1,1,1,0.9999301354,1,0.9813383537
1.883883884,1,1,1,0.9999318951,1,0.9816672647
1.885885886,1,1,1,0.9999336113,1,0.9819908828
1.887887888,1,1,1,0.9999352849,1,0.9823092818
1.88988989,1,1,1,0.999936917,1,0.9826225349
1.891891892,1,1,1,0.9999385085,1,0.9829307144
1.893893894,1,1,1,0.9999400606,1,0.9832338919
1.895895896,1,1,1,0.999941574,1,0.9835321382
1.897897898,1,1,1,0.9999430498,1,0.9838255234
1.8998999,1,1,1,0.9999444889,1,0.9841141167
1.901901902,1,1,1,0.9999458922,1,0.9843979866
1.903903904,1,1,1,0.9999472606,1,0.9846772008
1.905905906,1,1,1,0.9999485948,1,0.9849518263
1.907907908,1,1,1,0.9999498958,1,0.9852219293
1.90990991,1,1,1,0.9999511644,1,0.9854875753
1.911911912,1,1,1,0.9999524013,1,0.985748829
1.913913914,1,1,1,0.9999536073,1,0.9860057543
1.915915916,1,1,1,0.9999547833,1,0.9862584144
1.917917918,1,1,1,0.9999559298,1,0.986506872
1.91991992,1,1,1,0.9999570477,1,0.9867511887
1.921921922,1,1,1,0.9999581376,1,0.9869914256
1.923923924,1,1,1,0.9999592003,1,0.987227643
1.925925926,1,1,1,0.9999602364,1,0.9874599005
1.927927928,1,1,1,0.9999612465,1,0.987688257
1.92992993,1,1,1,0.9999622313,1,0.9879127706
1.931931932,1,1,1,0.9999631914,1,0.9881334989
1.933933934,1,1,1,0.9999641275,1,0.9883504986
1.935935936,1,1,1,0.9999650401,1,0.9885638258
1.937937938,1,1,1,0.9999659297,1,0.9887735359
1.93993994,1,1,1,0.9999667971,1,0.9889796836
1.941941942,1,1,1,0.9999676426,1,0.989182323
1.943943944,1,1,1,0.9999684669,1,0.9893815073
1.945945946,1,1,1,0.9999692705,1,0.9895772893
1.947947948,1,1,1,0.9999700539,1,0.9897697211
1.94994995,1,1,1,0.9999708175,1,0.9899588539
1.951951952,1,1,1,0.9999715619,1,0.9901447386
1.953953954,1,1,1,0.9999722876,1,0.9903274251
1.955955956,1,1,1,0.999972995,1,0.9905069629
1.957957958,1,1,1,0.9999736846,1,0.9906834007
1.95995996,1,1,1,0.9999743568,1,0.9908567868
1.961961962,1,1,1,0.999975012,1,0.9910271687
1.963963964,1,1,1,0.9999756507,1,0.9911945933
1.965965966,1,1,1,0.9999762733,1,0.9913591068
1.967967968,1,1,1,0.9999768801,1,0.991520755
1.96996997,1,1,1,0.9999774716,1,0.9916795829
1.971971972,1,1,1,0.9999780482,1,0.991835635
1.973973974,1,1,1,0.9999786102,1,0.9919889552
1.975975976,1,1,1,0.999979158,1,0.9921395868
1.977977978,1,1,1,0.9999796919,1,0.9922875725
1.97997998,1,1,1,0.9999802123,1,0.9924329545
1.981981982,1,1,1,0.9999807195,1,0.9925757742
1.983983984,1,1,1,0.9999812138,1,0.9927160728
1.985985986,1,1,1,0.9999816957,1,0.9928538906
1.987987988,1,1,1,0.9999821653,1,0.9929892676
1.98998999,1,1,1,0.999982623,1,0.993122243
1.991991992,1,1,1,0.9999830691,1,0.9932528557
1.993993994,1,1,1,0.9999835038,1,0.9933811438
1.995995996,1,1,1,0.9999839276,1,0.9935071452
1.997997998,1,1,1,0.9999843405,1,0.993630897
2,1,1,1,0.999984743,1,0.9937524359