PGA (g),PoE(IO),PoE(LS),PoE(CP)
0.0,0.0,0.0,0.0
0.002002002002002002,3.470222033920147e-245,1.723807839906377e-296,0.0
0.004004004004004004,8.374162243511155e-190,1.8816278472422182e-234,0.0
0.006006006006006006,1.0177070924757471e-160,1.4683948855437004e-201,1.6142097626457567e-302
0.008008008008008008,1.4495155134251956e-141,9.629622326445018e-180,1.2336942019670654e-271
0.01001001001001001,1.4816042547449027e-127,1.0885369919665056e-163,7.819296616738361e-249
0.012012012012012012,1.1695143946415244e-116,3.887535757944124e-151,5.971087835841577e-231
0.014014014014014014,7.873371378764411e-108,6.420095320594001e-141,2.351099640157243e-216
0.016016016016016016,1.8117298012448148e-100,2.3219147227626076e-132,4.22428677224119e-204
0.018018018018018018,3.403482180509994e-94,4.888768231513105e-125,1.366637734103491e-193
0.02002002002002002,9.320945114615577e-89,1.150773007416409e-118,1.9923066026077578e-184
0.022022022022022022,5.575654775628932e-84,4.777833632765302e-113,2.4863101396057702e-176
0.024024024024024024,9.759520850886765e-80,4.8686353148575595e-108,4.2307458488780716e-169
0.026026026026026026,6.215479148499353e-76,1.5581457486098788e-103,1.3899002386784295e-162
0.028028028028028028,1.7009177753477343e-72,1.8912309588013835e-99,1.1505278773925929e-156
0.03003003003003003,2.2770939709784992e-69,1.0087370398063627e-95,2.954887301897239e-151
0.03203203203203203,1.652976062285636e-66,2.6579325412816434e-92,2.778521415796052e-146
0.03403403403403403,7.069046728849721e-64,3.80249502836714e-89,1.0934254459499455e-141
0.036036036036036036,1.905825073069028e-61,3.1908530240721587e-86,2.0091073472187672e-137
0.03803803803803804,3.4256771079738405e-59,1.6742771651844037e-83,1.887233572880335e-133
0.04004004004004004,4.301863794220172e-57,5.794989508927179e-81,9.776994471460825e-130
0.04204204204204204,3.925836732625048e-55,1.384156539682184e-78,2.978346445489419e-126
0.044044044044044044,2.6923230210220135e-53,2.3708913620497956e-76,5.634360808103459e-123
0.04604604604604605,1.427940102006334e-51,3.0098503663486692e-74,6.93688243661889e-120
0.04804804804804805,6.003949354498606e-50,2.9137142033714736e-72,5.787922350995073e-117
0.050050050050050046,2.0447792875834348e-48,2.2047651406371402e-70,3.3901336297897096e-114
0.05205205205205205,5.747678687704759e-47,1.332551237608718e-68,1.4375661548574978e-111
0.05405405405405406,1.3556066628762881e-45,6.556419129686946e-67,4.534434905881449e-109
0.056056056056056056,2.721983985034573e-44,2.670554203206282e-65,1.0896872617558446e-106
0.058058058058058054,4.713519556651679e-43,9.140213195124133e-64,2.0379593184327794e-104
0.06006006006006006,7.120240307938584e-42,2.663756460117261e-62,3.0229695775575815e-102
0.062062062062062065,9.479490803016924e-41,6.68914773964556e-61,3.6172791519727413e-100
0.06406406406406406,1.1225576743480453e-39,1.46289409271815e-59,3.545326124253e-98
0.06606606606606606,1.1922256389173838e-38,2.8131289994518826e-58,2.885488863512902e-96
0.06806806806806806,1.1441375410777205e-37,4.798092413866318e-57,1.9745296581507308e-94
0.07007007007007007,9.98862367498198e-37,7.315852426112133e-56,1.1488921209671878e-92
0.07207207207207207,7.981944062037733e-36,1.0043456546766763e-54,5.742672056290313e-91
0.07407407407407407,5.871065399683504e-35,1.2495487922149825e-53,2.4889961275785434e-89
0.07607607607607608,3.995291960495459e-34,1.417297026023578e-52,9.434488925278352e-88
0.07807807807807808,2.5271643630670463e-33,1.4735838631086967e-51,3.1520650762026806e-86
0.08008008008008008,1.492223476855711e-32,1.4114640059786836e-50,9.34924217319253e-85
0.08208208208208208,8.257742870726864e-32,1.2512570481358206e-49,2.4781963881728904e-83
0.08408408408408408,4.298259924002824e-31,1.0309786846177415e-48,5.906411651320278e-82
0.08608608608608609,2.1114610098713116e-30,7.926532323077642e-48,1.2728875024407758e-80
0.08808808808808809,9.819246348011082e-30,5.707213861816346e-47,2.4934619405463168e-79
0.09009009009009009,4.3353525953725654e-29,3.8613078113281806e-46,4.461342711703246e-78
0.0920920920920921,1.8221262950550031e-28,2.4624746935524665e-45,7.323742721184474e-77
0.0940940940940941,7.30828134186257e-28,1.484564599109968e-44,1.107704893091185e-75
0.0960960960960961,2.803724798845446e-27,8.483848683823544e-44,1.5496505267370584e-74
0.0980980980980981,1.0310308296858577e-26,4.607346624859965e-43,2.01253963874204e-73
0.10010010010010009,3.641622206262804e-26,2.383409008446174e-42,2.434641788375726e-72
0.1021021021021021,1.237710778326829e-25,1.1770515131681116e-41,2.7522630590512436e-71
0.1041041041041041,4.055146370326732e-25,5.560840167037832e-41,2.916126748885533e-70
0.1061061061061061,1.2828361318082684e-24,2.5181204338591126e-40,2.9040348717450467e-69
0.10810810810810811,3.924490860697011e-24,1.094952999779488e-39,2.725335449282535e-68
0.11011011011011011,1.1627131691893526e-23,4.5797498610781964e-39,2.4162206318544498e-67
0.11211211211211211,3.340651656610227e-23,1.8455083210417782e-38,2.0284517612791704e-66
0.11411411411411411,9.320017223492039e-23,7.175934092374862e-38,1.6160661751700094e-65
0.11611611611611611,2.5278698534919115e-22,2.696198123308727e-37,1.2243934854392749e-64
0.11811811811811812,6.673305902038572e-22,9.802211699714166e-37,8.838964654493346e-64
0.12012012012012012,1.7165006508106417e-21,3.452637460987856e-36,6.09123003739892e-63
0.12212212212212212,4.306319051271024e-21,1.1796636552916644e-35,4.014147782545506e-62
0.12412412412412413,1.0547427949637849e-20,3.914204333914402e-35,2.5338902600300713e-61
0.12612612612612611,2.524420545953913e-20,1.262637165754553e-34,1.534518724042993e-60
0.12812812812812813,5.90918459556391e-20,3.963791748881677e-34,8.928847330294941e-60
0.13013013013013014,1.3539440818000553e-19,1.2121740346941044e-33,4.998890181924278e-59
0.13213213213213212,3.038923473790675e-19,3.614468823107539e-33,2.696450084314863e-58
0.13413413413413414,6.686614831495021e-19,1.0517994641873099e-32,1.4031649415704702e-57
0.13613613613613612,1.4433317844584937e-18,2.9894778453388476e-32,7.052656553245754e-57
0.13813813813813813,3.0583722870914034e-18,8.305756117512649e-32,3.427909531941992e-56
0.14014014014014015,6.3658425225117865e-18,2.257436610171452e-31,1.612946123593609e-55
0.14214214214214213,1.3023472207273047e-17,6.006482435016432e-31,7.355010910495546e-55
0.14414414414414414,2.6203224678288173e-17,1.5656487316266804e-30,3.2535529364437704e-54
0.14614614614614616,5.1877601820673447e-17,4.000603353075959e-30,1.397532714884064e-53
0.14814814814814814,1.0111870449777791e-16,1.0027402015411276e-29,5.834391085393514e-53
0.15015015015015015,1.941460494798914e-16,2.4668669970031784e-29,2.369413925209996e-52
0.15215215215215216,3.6735030330402196e-16,5.960032030058975e-29,9.368370569106178e-52
0.15415415415415415,6.853102562072171e-16,1.4149379124910197e-28,3.60923522412281e-51
0.15615615615615616,1.2610741450113009e-15,3.302495860326031e-28,1.3559068103928862e-50
0.15815815815815815,2.2899394665167886e-15,7.582000680995674e-28,4.970837895386858e-50
0.16016016016016016,4.104999352124947e-15,1.7130632345024133e-27,1.7796017706481505e-49
0.16216216216216217,7.267354047940358e-15,3.810778974551233e-27,6.225946475141496e-49
0.16416416416416416,1.2710867537195942e-14,8.350249943256163e-27,2.1299100128511574e-48
0.16616616616616617,2.1971751603202555e-14,1.803089674280007e-26,7.129567586312374e-48
0.16816816816816815,3.754858146526503e-14,3.838369042735831e-26,2.3365401783494688e-47
0.17017017017017017,6.346066421853938e-14,8.058609160624671e-26,7.501418023954023e-47
0.17217217217217218,1.0610483589911702e-13,1.6692569134805074e-25,2.3605642094417086e-46
0.17417417417417416,1.7555660408708516e-13,3.412678982818629e-25,7.28490218855506e-46
0.17617617617617617,2.875262369029187e-13,6.888589098332007e-25,2.205928788953401e-45
0.1781781781781782,4.662707610944891e-13,1.3733315906917639e-24,6.557453318373862e-45
0.18018018018018017,7.488878385585941e-13,2.705036177015553e-24,1.9145339578857465e-44
0.18218218218218218,1.1915887869661645e-12,5.2657512359619794e-24,5.492571804020161e-44
0.1841841841841842,1.8787805689006773e-12,1.0133729263320016e-23,1.549054458080458e-43
0.18618618618618618,2.936099459261194e-12,1.9285341687680722e-23,4.296576188353388e-43
0.1881881881881882,4.548956353798766e-12,3.6304238978740914e-23,1.1725282324213244e-42
0.19019019019019018,6.988705334023817e-12,6.762042114195683e-23,3.1495092082041754e-42
0.1921921921921922,1.0649270320604074e-11,1.2465319250048628e-22,8.330078438191776e-42
0.1941941941941942,1.6098004999493116e-11,2.274806602554313e-22,2.1702215843593545e-41
0.1961961961961962,2.4145774061098874e-11,4.110625188388093e-22,5.571402464561932e-41
0.1981981981981982,3.5942795818920224e-11,7.356932918016593e-22,1.4098792389536424e-40
0.20020020020020018,5.310875701885791e-11,1.3044005930074218e-21,3.51805556298025e-40
0.2022022022022022,7.790819418600703e-11,2.291642773845184e-21,8.659016095191145e-40
0.2042042042042042,1.1348524243639368e-10,3.99022979892273e-21,2.1028900469883367e-39
0.2062062062062062,1.641757103705187e-10,6.887383184881884e-21,5.0405676363638844e-39
0.2082082082082082,2.3591919587602587e-10,1.1787001405623642e-20,1.192849553607929e-38
0.21021021021021022,3.367997805413196e-10,2.0004596694051475e-20,2.787787598727845e-38
0.2122122122122122,4.777509199448845e-10,3.367562011912189e-20,6.43608890726704e-38
0.21421421421421422,6.734686960744377e-10,5.623933098323805e-20,1.4682146955636502e-37
0.21621621621621623,9.43587852422611e-10,9.319237580203646e-20,3.3103623702619285e-37
0.2182182182182182,1.314187250839522e-09,1.5325367937974678e-19,7.378868447144164e-37
0.22022022022022023,1.8197058533157242e-09,2.5015204370548805e-19,1.6264427495682113e-36
0.2222222222222222,2.505367343843545e-09,4.0534980942959834e-19,3.545895417262212e-36
0.22422422422422422,3.430231386523752e-09,6.521638538811093e-19,7.648063505452767e-36
0.22622622622622623,4.671012603097734e-09,1.041958344560459e-18,1.632348279330993e-35
0.22822822822822822,6.32683499485682e-09,1.6533887659809827e-18,3.4482954744296936e-35
0.23023023023023023,8.525120085971075e-09,2.606110630882704e-18,7.211377522471195e-35
0.23223223223223222,1.1428841884019355e-08,4.0809794286825616e-18,1.4932870235276948e-34
0.23423423423423423,1.524542118888073e-08,6.349629423107463e-18,3.0624309928054404e-34
0.23623623623623624,2.023757616865518e-08,9.817520773603616e-18,6.221162143366985e-34
0.23823823823823823,2.6736495772763915e-08,1.5086212013298543e-17,1.2521051496068136e-33
0.24024024024024024,3.515775774592666e-08,2.3042915108931608e-17,2.497202584654842e-33
0.24224224224224225,4.602047397571664e-08,3.498854501103351e-17,4.9361447021858986e-33
0.24424424424424424,5.997021282800384e-08,5.2819777947695547e-17,9.67204830428648e-33
0.24624624624624625,7.78063211074589e-08,7.928646798721188e-17,1.878965484717344e-32
0.24824824824824826,1.0051434735229323e-07,1.183536431252681e-16,3.619597355161917e-32
0.2502502502502503,1.2930435326799242e-07,1.7570786493007644e-16,6.915320056560567e-32
0.25225225225225223,1.6565599105288988e-07,2.5946183610527784e-16,1.310516492903544e-31
0.25425425425425424,2.113713208803324e-07,3.8112986724858684e-16,2.4638640028655676e-31
0.25625625625625625,2.686364444609808e-07,5.569715615877284e-16,4.596202498499347e-31
0.25825825825825827,3.400931368591823e-07,8.098336200350216e-16,8.508485249217618e-31
0.2602602602602603,4.2892176887713646e-07,1.1716622588209856e-15,1.5632805221291759e-30
0.26226226226226224,5.389369254945569e-07,1.6869142066820018e-15,2.8511003710806558e-30
0.26426426426426425,6.746972410463774e-07,2.4171661714815625e-15,5.162224390632357e-30
0.26626626626626626,8.416310878629416e-07,3.4473154899893127e-15,9.280394652563988e-30
0.2682682682682683,1.0461798706535275e-06,4.8938839380075155e-15,1.6567471046421785e-29
0.2702702702702703,1.2959607924950595e-06,6.916089239630022e-15,2.937378167053744e-29
0.27227227227227224,1.5999510682539e-06,9.730543129432727e-15,5.172848016339322e-29
0.27427427427427425,1.9686956658404106e-06,1.3630681268314007e-14,9.049339136044113e-29
0.27627627627627627,2.4145407529648247e-06,1.901234157704548e-14,1.572791466890931e-28
0.2782782782782783,2.9518951150115152e-06,2.640729906884691e-14,2.716071571494281e-28
0.2802802802802803,3.597521886164048e-06,3.652705574327646e-14,4.660951202500897e-28
0.2822822822822823,4.370862998814957e-06,5.0319796131221053e-14,7.949092608575307e-28
0.28428428428428426,5.294398803358178e-06,6.904417980209173e-14,1.3474588084221704e-27
0.2862862862862863,6.394045339444447e-06,9.436458406380605e-14,2.2704534976197427e-27
0.2882882882882883,7.699591748454269e-06,1.2847357196910123e-13,3.8032257605952865e-27
0.2902902902902903,9.245180303131231e-06,1.7424878864107515e-13,6.333972856519382e-27
0.2922922922922923,1.106983149191289e-05,2.354532373472539e-13,1.0488808095344334e-26
0.29429429429429427,1.321801653052186e-05,3.1699001993900484e-13,1.7271984846492927e-26
0.2962962962962963,1.5740279579995912e-05,4.2522521970114034e-13,2.828550477113061e-26
0.2982982982982983,1.8693911826894625e-05,5.683957466395176e-13,4.607122100146377e-26
0.3003003003003003,2.214367942650742e-05,7.571227587410687e-13,7.464097194381162e-26
0.3023023023023023,2.616260712231689e-05,1.0050558373897533e-12,1.202938607097481e-25
0.30430430430430433,3.083281913387386e-05,1.3296785693789445e-12,1.9286982427258822e-25
0.3063063063063063,3.624643865005012e-05,1.7533127315382017e-12,3.0766280477853663e-25
0.3083083083083083,4.2506546975114876e-05,2.3043660704620617e-12,4.883262547392345e-25
0.3103103103103103,4.972820305140282e-05,3.018877929454898e-12,7.712643584424963e-25
0.3123123123123123,5.803952372501062e-05,3.942427937589487e-12,1.2122371078968063e-24
0.31431431431431434,6.758282473092628e-05,5.13248591473003e-12,1.896248822976056e-24
0.3163163163163163,7.851582195259327e-05,6.6612963709888e-12,2.9522840733259332e-24
0.3183183183183183,9.101289205991327e-05,8.619408839055321e-12,4.575167503490247e-24
0.3203203203203203,0.00010526639115124767,1.1119986166901917e-11,7.057846514761095e-24
0.32232232232232233,0.00012148802952170778,1.4304047258422754e-11,1.0838856499592135e-23
0.32432432432432434,0.0001399103001548859,1.834682907487252e-11,1.657180626144937e-23
0.3263263263263263,0.00016078795799153413,2.3465485551530472e-11,2.5226664640161724e-23
0.3283283283283283,0.00018439954647032507,2.9928379054087946e-11,3.823678125634852e-23
0.3303303303303303,0.00021104896726667225,3.806626377581564e-11,5.771140680258543e-23
0.33233233233233234,0.00024106708858017968,4.828571080804517e-11,8.67416385423202e-23
0.33433433433433435,0.0002748133867440288,6.108518232613973e-11,1.2983908803784024e-22
0.3363363363363363,0.00031267761535557046,7.707422832375337e-11,1.9356235189558947e-22
0.3383383383383383,0.0003550814955613662,9.699635458626899e-11,2.87408189702026e-22
0.34034034034034033,0.0004024804205772663,1.217561961944579e-10,4.250743720852821e-22
0.34234234234234234,0.00045536516698984556,1.5245172795802536e-10,6.262424077968207e-22
0.34434434434434436,0.0005142636048751001,1.9041235305773307e-10,9.190847453716947e-22
0.34634634634634637,0.0005797423982886773,2.372438351847078e-10,1.34377784805985e-21
0.3483483483483483,0.0006524086872345698,2.948811790682949e-10,1.957406775211123e-21
0.35035035035035034,0.0007329117418107525,3.6565072104419013e-10,2.8407878632884605e-21
0.35235235235235235,0.0008219445788657429,4.523428669027265e-10,4.107926056005794e-21
0.35435435435435436,0.0009202455311839846,5.582971104474976e-10,5.919078530583253e-21
0.3563563563563564,0.0010285997589545921,6.875011848671871e-10,8.498737675278109e-21
0.35835835835835833,0.0011478406930710838,8.447064421611245e-10,1.2160301856719303e-20
0.36036036036036034,0.0012788513996631222,1.0355618255464432e-09,1.7339807806450466e-20
0.36236236236236236,0.0014225658551776628,1.2667690981926847e-09,2.464190063187626e-20
0.36436436436436437,0.0015799701213094223,1.546262321053154e-09,3.490227694795605e-20
0.3663663663663664,0.0017521034091306789,1.8834149353496236e-09,4.9272231509633153e-20
0.3683683683683684,0.0019400590218902655,2.289278203858761e-09,6.933276839446569e-20
0.37037037037037035,0.002144985166142366,2.7768552020498346e-09,9.724813292682953e-20
0.37237237237237236,0.002368085621126834,3.3614150279005715e-09,1.3597174459703033e-19
0.3743743743743744,0.0026106202566557497,4.0608524204812385e-09,1.895215737207401e-19
0.3763763763763764,0.0028739053901637307,4.896098544788472e-09,2.633472716280407e-19
0.3783783783783784,0.0031593139740516826,5.891589316483244e-09,3.6481817280027557e-19
0.38038038038038036,0.0034682756049930425,7.075798307799694e-09,5.03870063180785e-19
0.38238238238238237,0.003802276347476399,8.481841997567393e-09,6.93859887751744e-19
0.3843843843843844,0.004162858364524324,1.0148165906616385e-08,9.526920252150612e-19
0.3863863863863864,0.004551619349254233,1.21193209973337e-08,1.304298230629457e-18
0.3883883883883884,0.004970211751726643,1.4446840615225325e-08,1.780576889896712e-18
0.39039039039039036,0.005420341796357191,1.7190229213326314e-08,2.4239271526283255e-18
0.3923923923923924,0.005903768286044559,2.0418075129339504e-08,3.290551438315333e-18
0.3943943943943944,0.006422301190083953,2.420930078245679e-08,4.4547477587384534e-18
0.3963963963963964,0.00697780001388716,2.865456482369078e-08,6.014473754624388e-18
0.3983983983983984,0.007572171949512163,3.38578320117537e-08,8.098540370983432e-18
0.40040040040040037,0.008207369807009503,3.9938127897312605e-08,1.0875888458572766e-17
0.4024024024024024,0.00888538972761508,4.7031496782783604e-08,1.456752090316706e-17
0.4044044044044044,0.009608268680851332,5.529318288329456e-08,1.9461811791165422e-17
0.4064064064064064,0.010378081748637134,6.490005614729107e-08,2.5934099498939796e-17
0.4084084084084084,0.011196939200540924,7.605330580227212e-08,3.447170081257183e-17
0.41041041041041043,0.012066983365339885,8.898142637173307e-08,4.570576839898277e-17
0.4124124124124124,0.012990385305060017,1.039435226623895e-07,6.045176645168791e-17
0.4144144144144144,0.013969341298663401,1.212329620446142e-07,7.976077396970947e-17
0.4164164164164164,0.015006069143513963,1.4118140424145326e-07,1.0498435978230743e-16
0.4184184184184184,0.01610280428368474,1.6416324079998136e-07,1.3785642960313018e-16
0.42042042042042044,0.017261795775063295,1.906004784396394e-07,1.805962488661029e-16
0.4224224224224224,0.018485302098061592,2.209681025516137e-07,2.3603782670746915e-16
0.4244244244244244,0.019775586829537523,2.557999592566864e-07,3.0779204303638005e-16
0.4264264264264264,0.021134914186283636,2.956951966108299e-07,4.004493560388655e-16
0.42842842842842843,0.022565544453128493,3.413253077723032e-07,5.198326938106727e-16
0.43043043043043044,0.02406972930932486,3.934418212041917e-07,6.733122729232531e-16
0.43243243243243246,0.025649707067463594,4.528846852749402e-07,8.701966717334344e-16
0.4344344344344344,0.02730769783964747,5.205913969281168e-07,1.1222176035051943e-15
0.4364364364364364,0.02904589864608699,5.976069264125769e-07,1.4441295856698152e-15
0.43843843843843844,0.03086647848163263,6.850944923856394e-07,1.8544502064318026e-15
0.44044044044044045,0.03277157335603948,7.843472440145583e-07,2.3763720887891786e-15
0.44244244244244246,0.0347632813239657,8.968009089942341e-07,3.038884109210879e-15
0.4444444444444444,0.03684365752083552,1.0240474686600164e-06,3.878147135720628e-15
0.44644644644644643,0.039014709220754125,1.167849923591267e-06,4.939178731888049e-15
0.44844844844844844,0.041278390932639686,1.3301582152605977e-06,6.27791218979883e-15
0.45045045045045046,0.04363659955064513,1.5131263713721365e-06,7.963708209110772e-15
0.45245245245245247,0.0460911695747733,1.7191309445349741e-06,1.0082412881608297e-14
0.4544544544544544,0.048643868417351646,1.9507908158206926e-06,1.2740073777092624e-14
0.45645645645645644,0.051296391810724165,2.2109884365409356e-06,1.606744732557694e-14
0.45845845845845845,0.05405035933114256,2.502892583236882e-06,2.0225455892644557e-14
0.46046046046046046,0.05690731005340146,2.8299827023808694e-06,2.5411782570616698e-14
0.4624624624624625,0.05986869835026109,3.196074922634924e-06,3.1868826471003014e-14
0.46446446446446443,0.06293588985014345,3.605349813675305e-06,3.989328202074893e-14
0.46646646646646645,0.06611015756597827,4.0623819715590115e-06,4.984765337076451e-14
0.46846846846846846,0.06939267820740938,4.5721715113608264e-06,6.217407058717142e-14
0.47047047047047047,0.07278452868786997,5.140177548332119e-06,7.74108390298326e-14
0.4724724724724725,0.07628668283728103,5.772353749105982e-06,9.621222861223163e-14
0.4744744744744745,0.07990000833034272,6.475186034484637e-06,1.1937209705254144e-13
0.47647647647647645,0.08362526383956781,7.2557325150734515e-06,1.478520425481092e-13
0.47847847847847846,0.08746309642135902,8.12166574046078e-06,1.8281489854903966e-13
0.4804804804804805,0.09141403914255813,9.081317341763712e-06,2.2566451874633992e-13
0.4824824824824825,0.09547850895400595,1.014372514615558e-05,2.780929565916623e-13
0.4844844844844845,0.09965680481674388,1.131868284044689e-05,3.4213632351627143e-13
0.48648648648648646,0.10394910608557378,1.2616792258889934e-05,4.202408167608922e-13
0.48848848848848847,0.10835547115377103,1.404951836811608e-05,5.153406450047849e-13
0.4904904904904905,0.11287583636181986,1.5629247019467536e-05,6.309498518663385e-13
0.4924924924924925,0.11751001517212739,1.7369345535957915e-05,7.712703483946423e-13
0.4944944944944945,0.12225769761075284,1.9284226197666026e-05,9.413188209647603e-13
0.4964964964964965,0.12711844997629196,2.138941268553371e-05,1.1470755861944518e-12
0.4984984984984985,0.13209171481516913,2.3701609539293783e-05,1.3956589259147064e-12
0.5005005005005005,0.13717681116172342,2.623877468059324e-05,1.6955289598500485e-12
0.5025025025025025,0.14237293504062698,2.902019504729113e-05,2.0567257092493618e-12
0.5045045045045045,0.14767916022835753,3.2066565379408724e-05,2.491146679843187e-12
0.5065065065065065,0.1530944392696535,3.540007019128077e-05,3.0128700566711384e-12
0.5085085085085085,0.15861760474411707,3.904446895810271e-05,3.638530466992106e-12
0.5105105105105106,0.1642473707774132,4.302518453831224e-05,4.387755242188068e-12
0.5125125125125125,0.1699823347908031,4.736939484604378e-05,5.2836702079723295e-12
0.5145145145145145,0.17582097948212216,5.2106127780328994e-05,6.353485268240522e-12
0.5165165165165165,0.18176167503067348,5.7266359409709056e-05,7.62917143680835e-12
0.5185185185185185,0.18780268151795226,6.28831154025638e-05,9.148242529763809e-12
0.5205205205205206,0.19394215155558475,6.899157568471815e-05,1.0954656477476109e-11
0.5225225225225225,0.20017813311136484,7.562918229675811e-05,1.3099853169341592e-11
0.5245245245245245,0.20650857252385074,8.283575041406395e-05,1.564394792780663e-11
0.5265265265265265,0.21293131769556473,9.065358248276668e-05,1.8657102144664862e-11
0.5285285285285285,0.21944412145449965,9.912758541475979e-05,2.2221095327677235e-11
0.5305305305305306,0.22604464507332772,0.00010830539077453898,2.643112582699231e-11
0.5325325325325325,0.2327304619354334,0.00011823747787999931,3.139787086867419e-11
0.5345345345345345,0.2394990613366912,0.000128977299728472,3.724984024936772e-11
0.5365365365365365,0.2463478524117168,0.00014058141164821248,4.4136062176785387e-11
0.5385385385385385,0.2532741681732067,0.00015310960256429863,5.222914431302239e-11
0.5405405405405406,0.2602752696528834,0.00016662502875651916,6.172875813236421e-11
0.5425425425425425,0.26734835013251823,0.0001811943499753099,7.286560028571931e-11
0.5445445445445445,0.2744905394535061,0.00019688786777021354,8.590589081708919e-11
0.5465465465465466,0.28169890839348555,0.0002137796658736942,1.0115647485332479e-10
0.5485485485485485,0.28897047309858437,0.00023194775247148576,1.1897060184068259e-10
0.5505505505505506,0.29630219955997117,0.00025147420417904304,1.3975446458714265e-10
0.5525525525525525,0.30369100812352645,0.0002724453115320569,1.6397458934923132e-10
0.5545545545545546,0.311133778021645,0.00029495172578759057,1.9216617804073187e-10
0.5565565565565566,0.3186273519163553,0.00031908860682099317,2.2494251440693336e-10
0.5585585585585585,0.326168540443209,0.0003449557718926752,2.63005557775011e-10
0.5605605605605606,0.3337541267456282,0.00037265784504782813,3.071578608356369e-10
0.5625625625625625,0.34138087098970116,0.00040230440690153436,3.5831596191468195e-10
0.5645645645645646,0.3490455148497268,0.0004340101445513418,4.1752541744307386e-10
0.5665665665665666,0.3567447859551297,0.0004678950013492998,4.859776569175574e-10
0.5685685685685685,0.36447540228973185,0.0005040843262558257,5.65028860661357e-10
0.5705705705705706,0.37223407653472557,0.0005427090224885005,6.562210802407491e-10
0.5725725725725725,0.38001752034707903,0.0005839056951700825,7.613058425766058e-10
0.5745745745745746,0.38782244856551107,0.0006278167976717907,8.822705017185152e-10
0.5765765765765766,0.3956455833365581,0.0006745907763399888,1.0213676270372998e-09
0.5785785785785785,0.4034836581537085,0.0007243822132873969,1.1811477433593993e-09
0.5805805805805806,0.41133342180296795,0.0007773519669230907,1.3644957674368018e-09
0.5825825825825826,0.41919164220867833,0.0008336673098897748,1.5746715162487285e-09
0.5845845845845846,0.42705511017384246,0.0008935020640713889,1.8153546960988733e-09
0.5865865865865866,0.4349206430096318,0.0009570367323294505,2.0906948174421676e-09
0.5885885885885885,0.442785088049215,0.001024458626622706,2.405366518991508e-09
0.5905905905905906,0.450645326041464,0.001095961992161428,2.7646308260624416e-09
0.5925925925925926,0.4584982744205435,0.001171748127245288,3.1744029124641843e-09
0.5945945945945946,0.46634089044782123,0.0012520254984322685,3.641326982692852e-09
0.5965965965965966,0.4741701742229504,0.0013370098506850269,4.172858941882843e-09
0.5985985985985985,0.48198317156142273,0.001426924312141467,4.7773575750922974e-09
0.6006006006006006,0.4897769767362768,0.001521999493156911,5.464185015190597e-09
0.6026026026026026,0.4975487350820729,0.0016224735792671266,6.243817340061938e-09
0.6046046046046046,0.5052956454596368,0.0017285924177241146,7.127966205191187e-09
0.6066066066066066,0.5130149625804491,0.001840609597259868,8.129712487136923e-09
0.6086086086086087,0.5207039991899565,0.0019587865207380097,9.26365298709108e-09
0.6106106106106106,0.5283601281094128,0.0020833924703579903,1.0546061321837114e-08
0.6126126126126126,0.5359807841362411,0.00221470466508327,1.1995064212135229e-08
0.6146146146146146,0.5435634658032178,0.002353008309971355,1.3630834466036755e-08
0.6166166166166166,0.5511057369971167,0.002498596637091774,1.547580204704188e-08
0.6186186186186187,0.5586052284377652,0.0026517709377269437,1.7554884714525174e-08
0.6206206206206206,0.5660596390187399,0.0028128405855600155,1.9895739826620576e-08
0.6226226226226226,0.5734667370112353,0.0029821230505649456,2.2529039003955097e-08
0.6246246246246246,0.5808243611328776,0.0031599439033246145,2.5488767466375132e-08
0.6266266266266266,0.5881304214835237,0.003346636809515464,2.8812549974303052e-08
0.6286286286286287,0.5953829003503167,0.003542543514309805,3.25420054317071e-08
0.6306306306306306,0.602579852884474,0.003748013816460421,3.6723132339000975e-08
0.6326326326326326,0.6097194076525118,0.003963405531846917,4.1406727421664585e-08
0.6346346346346347,0.6167997670647708,0.0041890844462778454,4.6648839904051415e-08
0.6366366366366366,0.6238192076843021,0.004425424257358823,5.251126404788603e-08
0.6386386386386387,0.6307760804193223,0.004672806505253161,5.906207273140816e-08
0.6406406406406406,0.6376688106025796,0.004931620492178285,6.637619500805193e-08
0.6426426426426426,0.6444958979611236,0.005202263190499384,7.453604075309183e-08
0.6446446446446447,0.6512559164800593,0.005485139139299286,8.363217568278271e-08
0.6466466466466466,0.6579475141639853,0.005780660329322578,9.376405021329683e-08
0.6486486486486487,0.6645694126998954,0.006089246076210982,1.0504078581616255e-07
0.6506506506506506,0.6711204070253884,0.006411322881966356,1.1758202272294216e-07
0.6526526526526526,0.6775993648061077,0.006747324284597868,1.3151883303454696e-07
0.6546546546546547,0.6840052258263605,0.007097690695929736,1.4699470349977277e-07
0.6566566566566566,0.6903370012969151,0.007462869227566493,1.641665924433109e-07
0.6586586586586587,0.6965937730839981,0.007843313505033917,1.8320606554555127e-07
0.6606606606606606,0.7027746928635117,0.008239483470133473,2.0430051540472869e-07
0.6626626626626626,0.7088789812045198,0.008651845171570744,2.276544700464187e-07
0.6646646646646647,0.7149059265860119,0.009080870543937749,2.5349099578554983e-07
0.6666666666666666,0.720854884350964,0.009527037175151298,2.8205320009217876e-07
0.6686686686686687,0.7267252756016744,0.009990828062470614,3.1360584036359097e-07
0.6706706706706707,0.7325165860403168,0.01047273135723732,3.484370447618702e-07
0.6726726726726726,0.738228364758619,0.010973240098503744,3.868601515375764e-07
0.6746746746746747,0.7438602229805159,0.011492851935734178,4.29215673525987e-07
0.6766766766766766,0.7494118327615686,0.012032068840785944,4.758733947725131e-07
0.6786786786786787,0.7548829256488874,0.012591396809396704,5.272346065176957e-07
0.6806806806806807,0.7602732913052062,0.013171345552423941,5.837344900491329e-07
0.6826826826826827,0.7655827761007048,0.013772428177103781,6.458446542077139e-07
0.6846846846846847,0.7708112816760686,0.014395160858613221,7.140758356173934e-07
0.6866866866866866,0.7759587634802125,0.015040062502241179,7.889807699918308e-07
0.6886886886886887,0.7810252292859907,0.015707654396490002,8.711572431557829e-07
0.6906906906906907,0.7860107376871249,0.016398459857448068,9.612513307048035e-07
0.6926926926926927,0.7909153965794938,0.01711300386479112,1.0599608355117347e-06
0.6946946946946947,0.7957393616298121,0.01785181268978613,1.1680389325727534e-06
0.6966966966966966,0.8004828347346427,0.018615413515688364,1.2862980309683572e-06
0.6986986986986987,0.8051460624725681,0.019404334050936528,1.4156138629946546e-06
0.7007007007007007,0.8097293345522457,0.02021910213556651,1.5569298107969733e-06
0.7027027027027027,0.8142329822589711,0.021060245341277865,1.7112614811109244e-06
0.7047047047047047,0.8186573769022527,0.02192829056559938,1.8797015389829854e-06
0.7067067067067067,0.8230029282668057,0.02282376362061401,2.063424811604865e-06
0.7087087087087087,0.8272700830692541,0.02374718881671372,2.2636936736500735e-06
0.7107107107107107,0.8314593234227261,0.024699088541865262,2.48186372574846e-06
0.7127127127127127,0.835571165311422,0.025679982836879802,2.719389777971637e-06
0.7147147147147147,0.8396061570771132,0.026690388967184613,2.9778321504303e-06
0.7167167167167167,0.8435648779194447,0.027730820991607317,3.2588633033013805e-06
0.7187187187187187,0.8474479364117815,0.028801789328686312,3.5642748088066778e-06
0.7207207207207207,0.8512559690342586,0.029903800321030058,3.895984677856715e-06
0.7227227227227228,0.854989638725574,0.031037355798252304,4.256045054249518e-06
0.7247247247247247,0.8586496334549663,0.03220295263901299,4.64665028947511e-06
0.7267267267267267,0.8622366648157265,0.03340108233270192,5.070145411321629e-06
0.7287287287287287,0.8657514666414802,0.03463223054129974,5.529034999603512e-06
0.7307307307307307,0.869194793646392,0.035896876661956,6.0259924824405546e-06
0.7327327327327328,0.8725674200903486,0.037195493390824,6.563869866603106e-06
0.7347347347347347,0.8758701384700782,0.038528546288689264,7.145707915502191e-06
0.7367367367367368,0.8791037582370818,0.03989649334893117,7.774746788447352e-06
0.7387387387387387,0.8822691045431621,0.04129978456835065,8.454437154810925e-06
0.7407407407407407,0.8853670170142529,0.042738861521398,9.188451796732178e-06
0.7427427427427428,0.8883983485531688,0.04421415693832694,9.980697713959054e-06
0.7447447447447447,0.8913639641718143,0.04572609428779849,1.0835328744364739e-05
0.7467467467467468,0.894264739853325,0.047275087364452135,1.1756758713586287e-05
0.7487487487487487,0.8971015614445242,0.0488615398819535,1.274967512711181e-05
0.7507507507507507,0.8998753235790243,0.050485845072022556,1.3819053417990748e-05
0.7527527527527528,0.902586928631223,0.05214838528993569,1.4970171763160583e-05
0.7547547547547547,0.9052372857013844,0.05384953162698729,1.6208626481163243e-05
0.7567567567567568,0.9078273096319347,0.05558964353038688,1.7540348023777387e-05
0.7587587587587588,0.9103579200550372,0.05736906843105501,1.897161757380387e-05
0.7607607607607607,0.9128300404714629,0.059188141379772685,2.0509084260920577e-05
0.7627627627627628,0.91524459736071,0.061047184692124466,2.2159783007163863e-05
0.7647647647647647,0.9176025193222853,0.06294650760266407,2.393115301319713e-05
0.7667667667667668,0.9199047362480047,0.06488640592871804,2.5831056896090233e-05
0.7687687687687688,0.9221521785251258,0.06686716174422717,2.7867800488860496e-05
0.7707707707707707,0.9243457762700871,0.06888904306401405,3.0050153311512125e-05
0.7727727727727728,0.9264864585925849,0.07095230353884723,3.238736972275045e-05
0.7747747747747747,0.9285751528896792,0.07305718216165674,3.4889210760960616e-05
0.7767767767767768,0.9306127841695919,0.07520390298524443,3.756596668239569e-05
0.7787787787787788,0.9326002744048204,0.07739267485180722,4.0428480203840884e-05
0.7807807807807807,0.9345385419141646,0.07962369113458506,4.348817045630813e-05
0.7827827827827828,0.9364285007732359,0.08189712949191907,4.675705765553817e-05
0.7847847847847848,0.938271060252988,0.08421315163399257,5.0247788494297546e-05
0.7867867867867868,0.9400671242857943,0.08657190310250978,5.3973662260600925e-05
0.7887887887887888,0.9418175909585632,0.08897351306354595,5.794865768510406e-05
0.7907907907907907,0.9435233520323758,0.09141809411378865,6.218746051998317e-05
0.7927927927927928,0.9451852924881032,0.09390574210036556,6.67054918506449e-05
0.7947947947947948,0.946804290097451,0.0964365359544418,7.151893714059114e-05
0.7967967967967968,0.9483812150188631,0.09901053753874783,7.664477600872858e-05
0.7987987987987988,0.9499169294177043,0.10162779150917611,8.210081273729351e-05
0.8008008008008007,0.9514122871101346,0.10428832519057746,8.790570750745816e-05
0.8028028028028028,0.9528681332300719,0.10699214846685406,9.407900835849631e-05
0.8048048048048048,0.954285303918643,0.1097392536854378,0.00010064118386518371
0.8068068068068068,0.9556646260355092,0.1125296155762231,0.00010761365652687849
0.8088088088088088,0.9570069168914512,0.11536319118499605,0.00011501883686042705
0.8108108108108109,0.9583129840015985,0.11823991982139559,0.00012288015818775138
0.8128128128128128,0.959583624858679,0.12115972302141131,0.0001312221121076187
0.8148148148148148,0.9608196267256744,0.12412250452441564,0.00014007028463972664
0.8168168168168168,0.9620217664472589,0.12712815026469987,0.00014945139302783076
0.8188188188188188,0.9631908102794053,0.1301765283774734,0.0001593933231872185
0.8208208208208209,0.9643275137365452,0.13326748921926312,0.00016992516778037173
0.8228228228228228,0.9654326214556708,0.13640086540263435,0.00018107726490318798
0.8248248248248248,0.9665068670767748,0.13957647184513883,0.0001928812373626362
0.8268268268268268,0.9675509731390268,0.14279410583237462,0.00020537003252519062
0.8288288288288288,0.9685656509920926,0.1460535470950306,0.00021857796271385887
0.8308308308308309,0.9695516007220091,0.1493545578997713,0.0002325407461300948
0.8328328328328328,0.9705095110910353,0.15269688315379892,0.00024729554827527644
0.8348348348348348,0.9714400594909098,0.15608025052292063,0.00026288102384490887
0.8368368368368369,0.9723439119089493,0.15950437056292643,0.00027933735906710493
0.8388388388388388,0.9732217229064368,0.16296893686407593,0.0002967063144553238
0.8408408408408409,0.9740741356087568,0.16647362620847517,0.00031503126794377894
0.8428428428428428,0.9749017817067416,0.1700180987401102,0.00033435725837231456
0.8448448448448448,0.9757052814687083,0.1736019981472942,0.0003547310292860077
0.8468468468468469,0.9764852437626721,0.17722495185727144,0.00037620107301317255
0.8488488488488488,0.9772422660882373,0.18088657124270652,0.0003988176749838551
0.8508508508508509,0.9779769346176745,0.18458645183978445,0.0004226329582494273
0.8528528528528528,0.9786898242457064,0.18832417357762432,0.0004477009281622834
0.8548548548548548,0.9793814986475359,0.19209930101871203,0.00047407751717320736
0.8568568568568569,0.9800525103446628,0.19591138361003646,0.000501820629702422
0.8588588588588588,0.980703400778045,0.19975995594461293,0.0005309901870389222
0.8608608608608609,0.9813347003881746,0.20364453803306565,0.000561648172221264
0.8628628628628628,0.9819469287016517,0.20756463558493166,0.00059385867485152
0.8648648648648649,0.982540594423847,0.21151974029934545,0.0006276879357928469
0.8668668668668669,0.9831161955372624,0.21550933016475193,0.0006632043916996805
0.8688688688688688,0.983674219405205,0.21953286976729497,0.0007004787193283888
0.8708708708708709,0.9842151428804075,0.2235898106075157,0.0007395838795748978
0.8728728728728729,0.9847394324182338,0.22767959142499683,0.0007805951611846565
0.8748748748748749,0.9852475441941283,0.23180163853058305,0.0008235902240791663
0.8768768768768769,0.9857399242249717,0.23595536614579599,0.0008686491422421904
0.8788788788788788,0.9862170084940224,0.2401401767490744,0.0009158544461077909
0.8808808808808809,0.9866792230791334,0.24435546142845044,0.0009652911643912688
0.8828828828828829,0.9871269842839459,0.2486006002402817,0.0010170468653032778
0.8848848848848849,0.9875606987717704,0.25287496257365605,0.001071211697086553
0.8868868868868869,0.9879807637018811,0.25717790752007663,0.0011278784278137793
0.8888888888888888,0.9883875668679563,0.2615087842480475,0.0011871424843846216
0.8908908908908909,0.988781486838411,0.26586693238216574,0.001249101990659174
0.8928928928928929,0.9891628930983782,0.27025168238633657,0.001313857804664573
0.8948948948948949,0.9895321461931034,0.2746623559507271,0.0013815135548111146
0.8968968968968969,0.9898895978725312,0.2790982663820671,0.0014521756750536835
0.8988988988988988,0.9902355912368687,0.2835587189969232,0.0015259534389341787
0.9009009009009009,0.9905704608829233,0.28804301151755707,0.0016029589924402045
0.9029029029029029,0.9908945330510198,0.2925504344699937,0.001683307385615321
0.9049049049049049,0.9912081257723122,0.29708027158392547,0.0017671166028560119
0.9069069069069069,0.9915115490163154,0.30163180019407676,0.0018545075918305755
0.9089089089089089,0.991805104838488,0.3062042916426664,0.0019456042909553326
0.9109109109109109,0.9920890875277099,0.31079701168259977,0.002040533655363735
0.9129129129129129,0.9923637837535031,0.31540922088103446,0.002139425681304138
0.914914914914915,0.9926294727128551,0.32004017502296733,0.002242413428902855
0.9169169169169169,0.9928864262765101,0.3246891255144901,0.002349633043228949
0.9189189189189189,0.9931349091346026,0.32935531978537735,0.0024612237735985153
0.9209209209209209,0.9933751789415133,0.33403800169066444,0.002577327991056399
0.9229229229229229,0.993607486459837,0.33873641191088766,0.002698091203974293
0.924924924924925,0.9938320757033574,0.3434497883506664,0.002823662071705239
0.9269269269269269,0.9940491840789298,0.34817736653530285,0.0029541924162350126
0.9289289289289289,0.9942590425271816,0.3529183800050988,0.0030898372317727358
0.9309309309309309,0.9944618756619444,0.35767206070707996,0.003230754692223419
0.9329329329329329,0.9946579019083397,0.3624376393838368,0.003377106156487108
0.934934934934935,0.9948473336394426,0.3672143459591961,0.003529056171530275
0.9369369369369369,0.9950303773114578,0.37200140992043984,0.003686772473176742
0.938938938938939,0.9952072335973455,0.3767980606968069,0.0038504259845669195
0.9409409409409409,0.9953780975188375,0.3816035280340088,0.004020190812235842
0.9429429429429429,0.9955431585767943,0.38641704236451146,0.0041962442397622726
0.944944944944945,0.9957026008798541,0.39123783517333327,0.004378766718942895
0.9469469469469469,0.9958566032713302,0.39606513935912346,0.0045679418584474605
0.948948948948949,0.9960053394543205,0.4008981895902974,0.004763956409913258
0.950950950950951,0.9961489781149917,0.40573622265600123,0.004967000251438507
0.9529529529529529,0.9962876830440102,0.4105784778117058,0.005177266368437459
0.954954954954955,0.9964216132560919,0.41542419711922046,0.005394950831821341
0.9569569569569569,0.9965509231076485,0.4202726257809383,0.00562025277347217
0.958958958958959,0.9966757624125103,0.42512301246813267,0.005853374358978909
0.960960960960961,0.9967962765557102,0.42997460964312373,0.006094520757607255
0.9629629629629629,0.9969126066053143,0.4348266738751591,0.0063439001094779375
0.964964964964965,0.997024889422291,0.439678466149846,0.006601723489929968
0.9669669669669669,0.9971332577684091,0.44452925217199096,0.006868204871048616
0.968968968968969,0.9972378404121632,0.44937830266171225,0.007143561080340623
0.970970970970971,0.9973387622327211,0.4542248936436903,0.007428011756541353
0.9729729729729729,0.9974361443218955,0.4590683067294436,0.007721779302542298
0.974974974974975,0.9975301040841436,0.46390782939251446,0.008025088835429394
0.9769769769769769,0.9976207553345954,0.46874275523646336,0.008338168133626056
0.978978978978979,0.9977082083951222,0.47357238425558335,0.008661247581137904
0.980980980980981,0.9977925701884508,0.4783960230882426,0.00899456010889843
0.9829829829829829,0.9978739443303342,0.48321298526278694,0.00933834113321897
0.984984984984985,0.9979524312197917,0.488022591435929,0.009692828491348386
0.986986986986987,0.9980281281274318,0.4928241696235674,0.010058262374151552
0.988988988988989,0.9981011292818713,0.49761705542398715,0.010434885255918994
0.990990990990991,0.9981715259542695,0.5024005922333925,0.010822941821322292
0.992992992992993,0.9982394065409926,0.5071741314537456,0.01122267888953423
0.994994994994995,0.9983048566444287,0.5119370326928744,0.011634345335534549
0.996996996996997,0.9983679591519722,0.5166886639568408,0.012058192008626538
0.998998998998999,0.9984287943131983,0.5214284018345471,0.012494471648191768
1.001001001001001,0.99848743981525,0.5261556316745828,0.012943438796713991
1.003003003003003,0.9985439708564591,0.5308697477543123,0.013405349710106488
1.005005005005005,0.9985984602182247,0.5355701534412131,0.01388046226537983
1.007007007007007,0.998650978335173,0.5402562613464794,0.014369035865690286
1.009009009009009,0.9987015933636229,0.5449274934709172,0.014871331342812223
1.011011011011011,0.9987503712483815,0.5495832813431574,0.015387610857081152
1.013013013013013,0.998797375787897,0.5542230661502228,0.015918137794856124
1.015015015015015,0.998842668697791,0.5588462988604957,0.016463176663555092
1.017017017017017,0.9988863096728016,0.563452440339126,0.017022992984316948
1.019019019019019,0.9989283564471576,0.5680409614559381,0.01759785318234984
1.021021021021021,0.9989688648534164,0.5726113431858963,0.018188024475025894
1.023023023023023,0.9990078888797881,0.577163076702188,0.018793774757786538
1.025025025025025,0.9990454807259754,0.5816956634620017,0.019415372487925395
1.027027027027027,0.9990816908575547,0.5862086152850657,0.020053086566317057
1.029029029029029,0.9991165680589276,0.5907014544250321,0.020707186217164195
1.031031031031031,0.9991501594848674,0.5951737136337888,0.021377940865837754
1.033033033033033,0.9991825107106918,0.5996249362187833,0.02206562001488578
1.035035035035035,0.9992136657810836,0.6040546760934598,0.02277049311829217
1.037037037037037,0.9992436672575923,0.6084624978208923,0.023492829454064716
1.039039039039039,0.9992725562648394,0.6128479766507255,0.024232897995238038
1.0410410410410411,0.9993003725354563,0.6172106985495198,0.024990967279376244
1.043043043043043,0.9993271544537815,0.6215502602246067,0.025767305276663724
1.045045045045045,0.9993529390983432,0.6258662691415724,0.02656217925667477
1.047047047047047,0.9993777622831533,0.6301583435354703,0.027375855653912467
1.049049049049049,0.9994016585978416,0.6344261124158874,0.02820859993221169
1.0510510510510511,0.9994246614466512,0.6386692155659791,0.029060676448101484
1.053053053053053,0.999446803086327,0.6428873035355901,0.02993234831322276
1.055055055055055,0.9994681146629177,0.6470800376285935,0.0308238772559016
1.057057057057057,0.9994886262475186,0.6512470898845601,0.03173552348197605
1.059059059059059,0.9995083668709799,0.6553881430548958,0.03266754553497872
1.0610610610610611,0.9995273645576059,0.6595028905735679,0.033620200155777206
1.063063063063063,0.9995456463578672,0.6635910365225538,0.03459374214177504
1.065065065065065,0.9995632383801513,0.6676522955921448,0.03558842420577928
1.067067067067067,0.9995801658215755,0.6716863930362333,0.03660449683463715
1.069069069069069,0.9995964529978839,0.6756930646227196,0.037642208147749975
1.0710710710710711,0.9996121233724529,0.6796720565791724,0.03870180375556977
1.073073073073073,0.9996271995844264,0.6836231255338773,0.03978352661818518
1.075075075075075,0.9996417034760032,0.6875460384524121,0.04088761690410559
1.077077077077077,0.9996556561189,0.69144057256988,0.042014311849349076
1.079079079079079,0.999669077840007,0.695306515318941,0.04316384561694369
1.0810810810810811,0.9996819882462634,0.6991436642537783,0.04433644915694859
1.083083083083083,0.9996944062487676,0.7029518269701313,0.04553235006710363
1.085085085085085,0.9997063500861454,0.7067308210215413,0.04675177245421526
1.087087087087087,0.9997178373471958,0.7104804738319361,0.04799493679638454
1.089089089089089,0.999728884992833,0.7142006226046952,0.049262059806185816
1.0910910910910911,0.999739509377344,0.7178911142283302,0.05055335429490143
1.093093093093093,0.9997497262689814,0.7215518051789134,0.05186902903791785
1.095095095095095,0.9997595508699075,0.7251825614193932,0.05320928864138995
1.097097097097097,0.9997689978355108,0.7287832582959239,0.054574333410275275
1.0990990990990992,0.999778081293109,0.7323537804313468,0.05596435921784263
1.1011011011011012,0.9997868148600582,0.7358940216159504,0.05737955737675661
1.103103103103103,0.9997952116612845,0.7394038846956466,0.05882011451184026
1.105105105105105,0.9998032843462534,0.7428832814576828,0.060286212434613164
1.107107107107107,0.9998110451053942,0.7463321325140255,0.06177802801970473
1.1091091091091092,0.9998185056859946,0.7497503671825392,0.06329573308323977
1.1111111111111112,0.9998256774075808,0.7531379233660827,0.06483949426328935
1.1131131131131131,0.9998325711767984,0.7564947474296541,0.06640947290248367
1.115115115115115,0.9998391975018079,0.7598207940756978,0.06800582493287573
1.117117117117117,0.9998455665062107,0.7631160262176993,0.06962870076314674
1.1191191191191192,0.9998516879425163,0.7663804148521849,0.07127824516824233
1.1211211211211212,0.9998575712051694,0.7696139389292423,0.07295459718152254
1.1231231231231231,0.999863225343144,0.7728165852216802,0.07465788998951368
1.125125125125125,0.9998686590721229,0.775988348192935,0.07638825082933909
1.127127127127127,0.999873880786271,0.7791292298638413,0.07814580088891093
1.1291291291291292,0.9998788985696183,0.7822392396783713,0.07993065520995996
1.1311311311311312,0.9998837202070604,0.7853183943684505,0.08174292259397575
1.1331331331331331,0.9998883531949925,0.7883667178179614,0.08358270551113256
1.135135135135135,0.9998928047515847,0.791384240926027,0.08545010001226783
1.137137137137137,0.9998970818267122,0.7943710014696852,0.08734519564398119
1.1391391391391392,0.9999011911115486,0.797327043966047,0.08926807536691933
1.1411411411411412,0.9999051390478355,0.8002524195340377,0.09121881547730454
1.1431431431431431,0.9999089318368363,0.8031471857558153,0.09319748553177337
1.145145145145145,0.9999125754479852,0.8060114065379574,0.09520414827557161
1.147147147147147,0.9999160756272409,0.8088451519725068,0.09723885957416722
1.1491491491491492,0.9999194379051545,0.8116484981979641,0.09930166834832649
1.1511511511511512,0.9999226676046593,0.8144215272603123,0.10139261651270165
1.1531531531531531,0.999925769848594,0.8171643269741575,0.10351173891797766
1.155155155155155,0.9999287495669651,0.8198769907840655,0.10565906329661451
1.157157157157157,0.9999316115039587,0.8225596176261725,0.10783461021222646
1.1591591591591592,0.9999343602247088,0.8252123117901484,0.11003839301263352
1.1611611611611612,0.9999370001218308,0.827835182781584,0.11227041778661562
1.1631631631631631,0.999939535421727,0.8304283451848777,0.11453068332440203
1.165165165165165,0.9999419701906714,0.8329919185266871,0.11681918108191774
1.167167167167167,0.9999443083406836,0.8355260271400144,0.11913589514881362
1.1691691691691692,0.9999465536351935,0.8380308000289928,0.12148080222029811
1.1711711711711712,0.9999487096945091,0.8405063707344316,0.12385387157278765
1.1731731731731732,0.9999507800010916,0.8429528772001877,0.12625506504339112
1.1751751751751751,0.9999527679046426,0.8453704616404146,0.12868433701323645
1.177177177177177,0.9999546766270128,0.8477592704077488,0.13114163439464815
1.1791791791791792,0.9999565092669356,0.8501194538624883,0.13362689662218102
1.1811811811811812,0.9999582688045936,0.8524511662428117,0.13614005564750847
1.1831831831831832,0.999959958106021,0.8547545655360922,0.13868103593816977
1.1851851851851851,0.9999615799273501,0.8570298133513483,0.14124975448016325
1.187187187187187,0.9999631369189053,0.859277074792882,0.1438461207843852
1.1891891891891893,0.9999646316291503,0.8614965183351441,0.1464700368968998
1.1911911911911912,0.9999660665084945,0.8636883156988697,0.14912139741302638
1.1931931931931932,0.9999674439129613,0.8658526417285248,0.15180008949523127
1.1951951951951951,0.9999687661077246,0.8679896742710957,0.1545059928948001
1.197197197197197,0.9999700352705181,0.8700995940562637,0.15723897997727032
1.1991991991991993,0.9999712534949204,0.8721825845779931,0.15999891575160075
1.2012012012012012,0.9999724227935222,0.8742388319775665,0.16278565790304594
1.2032032032032032,0.9999735451009764,0.8762685249280973,0.1655990568297111
1.2052052052052051,0.9999746222769401,0.8782718545205463,0.16843895568274808
1.207207207207207,0.9999756561089069,0.8802490141512673,0.17130519041016068
1.2092092092092093,0.999976648314937,0.8822001994111097,0.17419758980417988
1.2112112112112112,0.9999776005462876,0.8841256079760962,0.17711597555216696
1.2132132132132132,0.9999785143899456,0.8860254394996994,0.1800601622910048
1.2152152152152151,0.9999793913710695,0.8878998955067372,0.18302995766492752
1.2172172172172173,0.9999802329553394,0.8897491792888995,0.18602516238674277
1.2192192192192193,0.9999810405512221,0.8915734958019284,0.18904557030239505
1.2212212212212212,0.999981815512151,0.8933730515644625,0.19209096845882145
1.2232232232232232,0.9999825591386281,0.8951480545585597,0.19516113717503947
1.2252252252252251,0.9999832726802446,0.8968987141319095,0.1982558501164141
1.2272272272272273,0.9999839573376301,0.8986252409017431,0.20137487437204576
1.2292292292292293,0.9999846142643272,0.9003278466604531,0.2045179705352147
1.2312312312312312,0.9999852445685973,0.9020067442829283,0.207684892786826
1.2332332332332332,0.999985849315159,0.9036621476356084,0.2108753889817837
1.2352352352352352,0.9999864295268621,0.9052942714872652,0.2140892007382329
1.2372372372372373,0.9999869861862979,0.9069033314215108,0.21732606352960143
1.2392392392392393,0.9999875202373505,0.908489543751039,0.22058570677936884
1.2412412412412412,0.9999880325866899,0.9100531254335962,0.2238678539584989
1.2432432432432432,0.9999885241052079,0.9115942939896853,0.22717222268545506
1.2452452452452452,0.9999889956294016,0.9131132674219979,0.23049852482873168
1.2472472472472473,0.999989447962704,0.9146102641365754,0.2338464666118244
1.2492492492492493,0.9999898818767644,0.9160855028656923,0.23721574872056156
1.2512512512512513,0.9999902981126811,0.9175392025924609,0.24060606641272575
1.2532532532532532,0.9999906973821872,0.9189715824771483,0.24401710962987921
1.2552552552552552,0.9999910803687909,0.9203828617852001,0.24744856311132118
1.2572572572572573,0.9999914477288743,0.9217732598169672,0.25090010651009387
1.2592592592592593,0.9999918000927484,0.9231429958391191,0.254371414510955
1.2612612612612613,0.99999213806567,0.9244922890177454,0.2578621569502414
1.2632632632632632,0.9999924622288188,0.925821358353126,0.2613719989375348
1.2652652652652652,0.999992773140237,0.927130422616165,0.26490060097905027
1.2672672672672673,0.9999930713357348,0.9284197002864747,0.2684476191026651
1.2692692692692693,0.9999933573297589,0.9296894094920984,0.2720127049845015
1.2712712712712713,0.99999363161623,0.9309397679508588,0.2755955060769842
1.2732732732732732,0.9999938946693472,0.9321709929133184,0.27919566573828214
1.2752752752752752,0.9999941469443614,0.9333833011073385,0.2828128233630553
1.2772772772772774,0.9999943888783197,0.9345769086842215,0.28644661451441916
1.2792792792792793,0.9999946208907807,0.9357520311664211,0.2900966710570425
1.2812812812812813,0.9999948433845031,0.9369088833968063,0.29376262129129704
1.2832832832832832,0.9999950567461061,0.9380476794894606,0.2974440900883684
1.2852852852852852,0.9999952613467065,0.9391686327820012,0.3011406990262493
1.2872872872872874,0.9999954575425296,0.9402719557894013,0.3048520665265282
1.2892892892892893,0.9999956456754975,0.9413578601592959,0.3085778079918888
1.2912912912912913,0.9999958260737938,0.9424265566287572,0.3123175359442418
1.2932932932932932,0.9999959990524071,0.9434782549825155,0.31607086016339714
1.2952952952952952,0.9999961649136536,0.9445131640126124,0.3198373878262021
1.2972972972972974,0.9999963239476785,0.9455314914794642,0.323616723646058
1.2992992992992993,0.9999964764329385,0.9465334440743169,0.3274084700127361
1.3013013013013013,0.9999966226366664,0.947519227383074,0.33121222713241216
1.3033033033033032,0.9999967628153159,0.948489045851476,0.3350275931678367
1.3053053053053052,0.9999968972149901,0.9494431027516127,0.33885416437856447
1.3073073073073074,0.9999970260718533,0.9503816001497478,0.34269153526116264
1.3093093093093093,0.9999971496125267,0.9513047388754345,0.3465392986893189
1.3113113113113113,0.9999972680544685,0.9522127184919034,0.35039704605377753
1.3133133133133132,0.9999973816063389,0.9531057372676998,0.3542643674020199
1.3153153153153152,0.999997490468351,0.9539839921495514,0.3581408515776204
1.3173173173173174,0.9999975948326085,0.9548476787364446,0.36202608635920214
1.3193193193193193,0.9999976948834296,0.9556969912548874,0.36591965859891595
1.3213213213213213,0.9999977907976576,0.9565321225353407,0.36982115436037977
1.3233233233233233,0.9999978827449609,0.9573532639897939,0.3737301590559976
1.3253253253253252,0.9999979708881196,0.9581606055904646,0.3776462575835958
1.3273273273273274,0.9999980553833018,0.9589543358496013,0.38156903446230556
1.3293293293293293,0.9999981363803286,0.9597346418003694,0.3854980739676246
1.3313313313313313,0.9999982140229288,0.9605017089787953,0.3894329602655971
1.3333333333333333,0.9999982884489835,0.9612557214067524,0.39337327754604023
1.3353353353353352,0.999998359790761,0.9619968615759639,0.39731861015476116
1.3373373373373374,0.9999984281751425,0.962725310433003,0.4012685427246998
1.3393393393393394,0.9999984937238389,0.9634412473652699,0.4052226603059369
1.3413413413413413,0.9999985565535985,0.9641448501879234,0.40918054849451463
1.3433433433433433,0.9999986167764077,0.9648362951317476,0.41314179356000486
1.3453453453453452,0.9999986744996823,0.9655157568319315,0.4171059825717747
1.3473473473473474,0.9999987298264521,0.9661834083177417,0.42107270352389464
1.3493493493493494,0.9999987828555379,0.9668394210030684,0.4250415454586358
1.3513513513513513,0.9999988336817213,0.9674839646778222,0.429012098588508
1.3533533533533533,0.9999988823959084,0.9681172075001637,0.432983954416786
1.3553553553553555,0.9999989290852859,0.9687393159895445,0.43695670585648005
1.3573573573573574,0.9999989738334719,0.9693504550205397,0.4409299473476991
1.3593593593593594,0.9999990167206607,0.9699507878174525,0.44490327497337206
1.3613613613613613,0.9999990578237608,0.9705404759496715,0.44887628657327355
1.3633633633633633,0.9999990972165282,0.9711196793277607,0.45284858185631977
1.3653653653653655,0.9999991349696953,0.9716885562002625,0.456819762511093
1.3673673673673674,0.9999991711510917,0.9722472631511969,0.46078943231455605
1.3693693693693694,0.999999205825764,0.972795955098235,0.46475719723892445
1.3713713713713713,0.9999992390560872,0.9733347852915302,0.46872266555665515
1.3733733733733733,0.9999992709018748,0.9738639053131882,0.47268544794352524
1.3753753753753755,0.9999993014204817,0.9743834650773581,0.4766451575797659
1.3773773773773774,0.9999993306669049,0.9748936128309238,0.48060141024922065
1.3793793793793794,0.9999993586938795,0.9753944951547834,0.4845538244365075
1.3813813813813813,0.9999993855519705,0.9758862569656931,0.48850202142214794
1.3833833833833833,0.9999994112896615,0.9763690415186624,0.49244562537564507
1.3853853853853855,0.9999994359534397,0.9768429904098818,0.49638426344648745
1.3873873873873874,0.9999994595878768,0.9773082435801659,0.5003175658530529
1.3893893893893894,0.999999482235708,0.9777649393188973,0.5042451659693982
1.3913913913913913,0.999999503937906,0.9782132142684525,0.5081667004099113
1.3933933933933933,0.9999995247337542,0.9786532034290953,0.5120818091118121
1.3953953953953955,0.9999995446609146,0.9790850401643206,0.5159901354154849
1.3973973973973974,0.9999995637554948,0.9795088562066353,0.5198913261426297
1.3993993993993994,0.9999995820521115,0.9799247816637577,0.5237850316722229
1.4014014014014013,0.9999995995839515,0.9803329450252237,0.5276709060142697
1.4034034034034033,0.9999996163828301,0.9807334731693819,0.5315486068813472
1.4054054054054055,0.9999996324792475,0.9811264913707658,0.5354177957579244
1.4074074074074074,0.9999996479024427,0.981512123307826,0.5392781379674547
1.4094094094094094,0.999999662680445,0.9818904910710117,0.5431293027372411
1.4114114114114114,0.9999996768401243,0.9822617151711838,0.54697096326106
1.4134134134134133,0.9999996904072375,0.9826259145483498,0.5508027967595519
1.4154154154154155,0.9999997034064754,0.9829832065807045,0.5546244845383741
1.4174174174174174,0.9999997158615059,0.9833337070939644,0.5584357120441129
1.4194194194194194,0.9999997277950162,0.9836775303709844,0.562236168917966
1.4214214214214214,0.9999997392287532,0.9840147891616412,0.5660255490471895
1.4234234234234233,0.9999997501835618,0.9843455946929744,0.569803550614318
1.4254254254254255,0.9999997606794224,0.9846700566795712,0.573569876144165
1.4274274274274275,0.9999997707354866,0.9849882833341833,0.5773242325486073
1.4294294294294294,0.9999997803701111,0.9853003813785662,0.5810663311691657
1.4314314314314314,0.9999997896008901,0.9856064560545265,0.5847958878173869
1.4334334334334333,0.9999997984446876,0.9859066111351684,0.5885126228130405
1.4354354354354355,0.9999998069176668,0.98620094893633,0.5922162610201424
1.4374374374374375,0.9999998150353193,0.9864895703281943,0.5959065318808131
1.4394394394394394,0.9999998228124929,0.9867725747470694,0.5995831694469949
1.4414414414414414,0.9999998302634179,0.9870500602073253,0.603245912410029
1.4434434434434433,0.9999998374017327,0.9873221233134781,0.6068945041281206
1.4454454454454455,0.9999998442405086,0.9875888592724122,0.6105286926517012
1.4474474474474475,0.9999998507922725,0.9878503619057312,0.614148230746708
1.4494494494494494,0.9999998570690303,0.9881067236622276,0.6177528759158024
1.4514514514514514,0.9999998630822877,0.9883580356304645,0.6213423904175411
1.4534534534534533,0.9999998688430716,0.9886043875514577,0.6249165412835239
1.4554554554554555,0.999999874361949,0.988845867831453,0.6284751003335405
1.4574574574574575,0.9999998796490471,0.9890825635547873,0.6320178441887319
1.4594594594594594,0.9999998847140705,0.9893145604968292,0.6355445542828009
1.4614614614614614,0.9999998895663197,0.9895419431369873,0.6390550168712817
1.4634634634634633,0.9999998942147069,0.9897647946717819,0.6425490230389017
1.4654654654654655,0.9999998986677728,0.989983197027972,0.6460263687050588
1.4674674674674675,0.9999999029337018,0.9901972308757285,0.6494868546274347
1.4694694694694694,0.9999999070203365,0.9904069756418503,0.6529302864037806
1.4714714714714714,0.9999999109351924,0.9906125095230127,0.6563564744718904
1.4734734734734736,0.999999914685471,0.990813909499045,0.6597652341077966
1.4754754754754755,0.9999999182780732,0.991011251346229,0.6631563854222123
1.4774774774774775,0.9999999217196115,0.9912046096506121,0.6665297533552522
1.4794794794794794,0.9999999250164222,0.9913940578213309,0.6698851676694562
1.4814814814814814,0.999999928174577,0.991579668103938,0.6732224629411478
1.4834834834834836,0.9999999311998932,0.9917615115937262,0.676541478550158
1.4854854854854855,0.9999999340979455,0.9919396582490464,0.6798420586679388
1.4874874874874875,0.9999999368740754,0.9921141769046127,0.6831240522441072
1.4894894894894894,0.9999999395334006,0.9922851352847899,0.6863873129914392
1.4914914914914914,0.999999942080825,0.9924526000168585,0.6896316993693512
1.4934934934934936,0.9999999445210472,0.9926166366442533,0.6928570745659005
1.4954954954954955,0.9999999468585692,0.9927773096397692,0.6960633064783308
1.4974974974974975,0.9999999490977046,0.9929346824187332,0.6992502676922038
1.4994994994994995,0.9999999512425862,0.9930888173521341,0.7024178354591386
1.5015015015015014,0.9999999532971741,0.9932397757797097,0.7055658916731995
1.5035035035035036,0.9999999552652619,0.9933876180229849,0.7086943228459586
1.5055055055055055,0.9999999571504847,0.9935324033982594,0.7118030200802686
1.5075075075075075,0.9999999589563255,0.9936741902295385,0.714891879042781
1.5095095095095095,0.999999960686121,0.9938130358614063,0.7179607999352344
1.5115115115115114,0.9999999623430679,0.9939489966718367,0.7210096874645551
1.5135135135135136,0.999999963930229,0.9940821280849387,0.7240384508117947
1.5155155155155156,0.9999999654505393,0.9942124845836338,0.727047003599943
1.5175175175175175,0.9999999669068096,0.9943401197222624,0.7300352638606478
1.5195195195195195,0.9999999683017335,0.9944650861391164,0.7330031539998716
1.5215215215215214,0.9999999696378917,0.9945874355688944,0.7359506007625218
1.5235235235235236,0.9999999709177562,0.9947072188550786,0.7388775351960841
1.5255255255255256,0.9999999721436954,0.9948244859622304,0.7417838926132935
1.5275275275275275,0.9999999733179784,0.9949392859882016,0.744669612553875
1.5295295295295295,0.999999974442779,0.99505166717626,0.7475346387453866
1.5315315315315314,0.9999999755201797,0.9951616769271274,0.7503789190631953
1.5335335335335336,0.9999999765521754,0.9952693618109267,0.7532024054896207
1.5355355355355356,0.9999999775406776,0.9953747675790386,0.7560050540722745
1.5375375375375375,0.9999999784875172,0.9954779391758636,0.7587868248816347
1.5395395395395395,0.9999999793944483,0.9955789207504891,0.7615476819678768
1.5415415415415414,0.9999999802631512,0.9956777556682609,0.7642875933169989
1.5435435435435436,0.9999999810952357,0.9957744865222546,0.7670065308062735
1.5455455455455456,0.9999999818922438,0.9958691551446501,0.7697044701590495
1.5475475475475475,0.9999999826556529,0.9959618026180026,0.7723813908989454
1.5495495495495495,0.9999999833868783,0.9960524692864139,0.7750372763034533
1.5515515515515514,0.9999999840872755,0.9961411947665996,0.7776721133569913
1.5535535535535536,0.9999999847581432,0.9962280179588526,0.7802858927034313
1.5555555555555556,0.9999999854007254,0.996312977057902,0.7828786085981311
1.5575575575575575,0.999999986016214,0.9963961095636654,0.785450258859502
1.5595595595595595,0.9999999866057505,0.9964774522918961,0.7880008448201383
1.5615615615615615,0.9999999871704286,0.9965570413847211,0.7905303712775386
1.5635635635635636,0.9999999877112956,0.9966349123210737,0.7930388464444469
1.5655655655655656,0.9999999882293553,0.9967110999270152,0.7955262818988406
1.5675675675675675,0.9999999887255687,0.9967856383859504,0.7979926925335934
1.5695695695695695,0.9999999892008568,0.9968585612487306,0.8004380965058411
1.5715715715715715,0.9999999896561015,0.9969299014436509,0.802862515186073
1.5735735735735736,0.9999999900921477,0.9969996912863336,0.805265973106981
1.5755755755755756,0.9999999905098049,0.9970679624895045,0.8076484979120857
1.5775775775775776,0.9999999909098483,0.9971347461726568,0.8100101203041722
1.5795795795795795,0.9999999912930203,0.9972000728716065,0.8123508739935537
1.5815815815815815,0.9999999916600325,0.997263972547935,0.8146707956461912
1.5835835835835836,0.9999999920115662,0.9973264745983229,0.816969924831694
1.5855855855855856,0.999999992348274,0.997387607863773,0.8192483039712207
1.5875875875875876,0.9999999926707812,0.9974474006387221,0.8215059782853111
1.5895895895895895,0.9999999929796866,0.997505880680043,0.8237429957416639
1.5915915915915915,0.9999999932755638,0.997563075215937,0.8259594070028871
1.5935935935935936,0.9999999935589623,0.9976190109547153,0.8281552653742437
1.5955955955955956,0.9999999938304083,0.997673714093471,0.8303306267514112
1.5975975975975976,0.9999999940904061,0.9977272103266432,0.832485549568279
1.5995995995995995,0.9999999943394383,0.9977795248544699,0.8346200947448019
1.6016016016016015,0.9999999945779676,0.9978306823913333,0.8367343256349314
1.6036036036036037,0.9999999948064371,0.9978807071739976,0.8388283079746444
1.6056056056056056,0.9999999950252709,0.9979296229697375,0.8409021098300865
1.6076076076076076,0.9999999952348757,0.9979774530843605,0.8429558015458546
1.6096096096096095,0.9999999954356407,0.9980242203701216,0.8449894556934274
1.6116116116116117,0.9999999956279387,0.9980699472335325,0.8470031470197723
1.6136136136136137,0.9999999958121272,0.9981146556430642,0.8489969523961376
1.6156156156156156,0.9999999959885479,0.9981583671367454,0.850970950767054
1.6176176176176176,0.9999999961575289,0.9982011028296555,0.8529252230995543
1.6196196196196195,0.9999999963193839,0.998242883421314,0.8548598523326366
1.6216216216216217,0.9999999964744134,0.9982837292029669,0.8567749233269764
1.6236236236236237,0.9999999966229056,0.9983236600647708,0.8586705228149114
1.6256256256256256,0.9999999967651362,0.9983626955028739,0.8605467393507102
1.6276276276276276,0.9999999969013694,0.9984008546263977,0.8624036632611382
1.6296296296296295,0.9999999970318582,0.9984381561643165,0.8642413865963345
1.6316316316316317,0.999999997156845,0.998474618472239,0.8660600030810179
1.6336336336336337,0.9999999972765619,0.9985102595390893,0.8678596080660266
1.6356356356356356,0.9999999973912312,0.9985450969936922,0.8696402984802134
1.6376376376376376,0.999999997501066,0.9985791481112585,0.8714021727827006
1.6396396396396395,0.9999999976062702,0.9986124298197758,0.8731453309155116
1.6416416416416417,0.9999999977070392,0.9986449587063039,0.8748698742565867
1.6436436436436437,0.9999999978035601,0.9986767510231735,0.8765759055731961
1.6456456456456456,0.9999999978960121,0.998707822694094,0.8782635289757608
1.6476476476476476,0.9999999979845668,0.998738189320165,0.8799328498720896
1.6496496496496496,0.9999999980693889,0.9987678661857988,0.8815839749220422
1.6516516516516517,0.9999999981506357,0.9987968682645493,0.8832170119926291
1.6536536536536537,0.999999998228458,0.9988252102248523,0.8848320701135534
1.6556556556556556,0.9999999983030003,0.9988529064356749,0.8864292594332089
1.6576576576576576,0.999999998374401,0.9988799709720781,0.8880086911751359
1.6596596596596596,0.9999999984427927,0.9989064176206899,0.8895704775949462
1.6616616616616617,0.9999999985083023,0.9989322598850932,0.8911147319377224
1.6636636636636637,0.9999999985710514,0.9989575109911276,0.892641568395901
1.6656656656656657,0.9999999986311563,0.9989821838921061,0.8941511020676429
1.6676676676676676,0.9999999986887288,0.9990062912739481,0.8956434489156981
1.6696696696696696,0.9999999987438756,0.9990298455602297,0.8971187257267713
1.6716716716716717,0.9999999987966989,0.9990528589171511,0.8985770500713928
1.6736736736736737,0.999999998847297,0.9990753432584251,0.9000185402642993
1.6756756756756757,0.9999999988957634,0.9990973102500825,0.9014433153253312
1.6776776776776776,0.9999999989421884,0.9991187713152009,0.9028514949408474
1.6796796796796796,0.9999999989866578,0.9991397376385539,0.904243199425666
1.6816816816816818,0.9999999990292542,0.9991602201711839,0.9056185496855287
1.6836836836836837,0.9999999990700567,0.9991802296348972,0.9069776671800984
1.6856856856856857,0.9999999991091406,0.9991997765266857,0.9083206738864884
1.6876876876876876,0.9999999991465789,0.9992188711230724,0.909647692263329
1.6896896896896896,0.9999999991824405,0.9992375234843845,0.9109588452153696
1.6916916916916918,0.9999999992167923,0.9992557434589534,0.9122542560586258
1.6936936936936937,0.9999999992496976,0.999273540687243,0.913534048486063
1.6956956956956957,0.9999999992812177,0.9992909246059078,0.9147983465338295
1.6976976976976976,0.9999999993114109,0.9993079044517813,0.9160472745480297
1.6996996996996996,0.9999999993403331,0.9993244892657944,0.9172809571520462
1.7017017017017018,0.9999999993680379,0.9993406878968275,0.9184995192144072
1.7037037037037037,0.9999999993945766,0.9993565090054943,0.9197030858172008
1.7057057057057057,0.9999999994199985,0.9993719610678604,0.9208917822250373
1.7077077077077076,0.9999999994443505,0.9993870523790961,0.9220657338545576
1.7097097097097096,0.9999999994676778,0.9994017910570653,0.9232250662444885
1.7117117117117118,0.9999999994900235,0.999416185045851,0.9243699050262455
1.7137137137137137,0.9999999995114291,0.9994302421192177,0.925500375895078
1.7157157157157157,0.9999999995319343,0.9994439698840137,0.926616604581763
1.7177177177177176,0.9999999995515768,0.9994573757835108,0.927718716824838
1.7197197197197196,0.9999999995703931,0.9994704671006853,0.9288068383433782
1.7217217217217218,0.9999999995884179,0.9994832509614402,0.9298810948103127
1.7237237237237237,0.9999999996056848,0.9994957343377682,0.9309416118262784
1.7257257257257257,0.9999999996222254,0.9995079240508584,0.9319885148940127
1.7277277277277276,0.9999999996380706,0.9995198267741469,0.9330219293932757
1.7297297297297298,0.9999999996532496,0.9995314490363101,0.9340419805563085
1.7317317317317318,0.9999999996677903,0.9995427972242054,0.9350487934438171
1.7337337337337337,0.9999999996817198,0.9995538775857562,0.9360424929214848
1.7357357357357357,0.9999999996950638,0.9995646962327855,0.937023203637006
1.7377377377377377,0.9999999997078469,0.9995752591437955,0.9379910499976416
1.7397397397397398,0.9999999997200929,0.9995855721666972,0.9389461561482909
1.7417417417417418,0.9999999997318242,0.9995956410214881,0.9398886459500759
1.7437437437437437,0.9999999997430624,0.9996054713028815,0.9408186429594387
1.7457457457457457,0.9999999997538286,0.9996150684828845,0.9417362704077414
1.7477477477477477,0.9999999997641424,0.9996244379133307,0.9426416511813716
1.7497497497497498,0.999999999774023,0.9996335848283622,0.943534907802345
1.7517517517517518,0.9999999997834886,0.9996425143468668,0.9444161624094031
1.7537537537537538,0.9999999997925566,0.9996512314748688,0.9452855367396019
1.7557557557557557,0.9999999998012438,0.9996597411078741,0.9461431521103858
1.7577577577577577,0.9999999998095662,0.9996680480331708,0.9469891294021435
1.7597597597597598,0.9999999998175392,0.999676156932086,0.9478235890412424
1.7617617617617618,0.9999999998251774,0.9996840723822003,0.9486466509835337
1.7637637637637638,0.999999999832495,0.9996917988595178,0.9494584346983277
1.7657657657657657,0.9999999998395055,0.999699340740597,0.9502590591528315
1.7677677677677677,0.9999999998462217,0.9997067023046387,0.9510486427970445
1.7697697697697699,0.999999999852656,0.9997138877355342,0.9518273035491089
1.7717717717717718,0.9999999998588204,0.9997209011238742,0.9525951587811077
1.7737737737737738,0.9999999998647261,0.9997277464689184,0.9533523253053069
1.7757757757757757,0.9999999998703841,0.9997344276805261,0.9540989193608359
1.7777777777777777,0.9999999998758047,0.9997409485810507,0.9548350566008009
1.7797797797797799,0.999999999880998,0.9997473129071953,0.9555608520798269
1.7817817817817818,0.9999999998859734,0.9997535243118335,0.9562764202420211
1.7837837837837838,0.9999999998907403,0.9997595863657934,0.9569818749093557
1.7857857857857857,0.9999999998953073,0.9997655025596068,0.957677329270461
1.7877877877877877,0.9999999998996828,0.9997712763052239,0.9583628958698256
1.7897897897897899,0.9999999999038748,0.9997769109376936,0.9590386865973977
1.7917917917917918,0.9999999999078912,0.9997824097168118,0.9597048126785817
1.7937937937937938,0.9999999999117393,0.9997877758287342,0.9603613846646255
1.7957957957957957,0.999999999915426,0.9997930123875608,0.961008512423392
1.7977977977977977,0.9999999999189583,0.9997981224368848,0.9616463051305089
1.7997997997997999,0.9999999999223426,0.9998031089513133,0.9622748712608926
1.8018018018018018,0.9999999999255852,0.999807974837956,0.9628943185806392
1.8038038038038038,0.9999999999286919,0.9998127229378847,0.9635047541392788
1.8058058058058057,0.9999999999316685,0.999817356027563,0.9641062842623841
1.8078078078078077,0.9999999999345205,0.999821876820247,0.9646990145445321
1.8098098098098099,0.999999999937253,0.9998262879673583,0.9652830498426092
1.8118118118118118,0.9999999999398712,0.999830592059828,0.9658584942694562
1.8138138138138138,0.9999999999423798,0.9998347916294149,0.9664254511878483
1.8158158158158157,0.9999999999447833,0.9998388891499951,0.9669840232048016
1.8178178178178177,0.9999999999470862,0.9998428870388268,0.9675343121662028
1.8198198198198199,0.9999999999492929,0.9998467876577886,0.9680764191517561
1.8218218218218218,0.9999999999514071,0.9998505933145918,0.9686104444702411
1.8238238238238238,0.9999999999534329,0.9998543062639689,0.9691364876550763
1.8258258258258258,0.999999999955374,0.9998579287088372,0.9696546474601826
1.8278278278278277,0.999999999957234,0.9998614628014378,0.9701650218561418
1.82982982982983,0.9999999999590161,0.9998649106444523,0.9706677080266437
1.8318318318318318,0.9999999999607238,0.9998682742920949,0.9711628023652157
1.8338338338338338,0.99999999996236,0.9998715557511835,0.9716504004722323
1.8358358358358358,0.9999999999639277,0.9998747569821866,0.9721305971521954
1.8378378378378377,0.9999999999654301,0.9998778799002507,0.9726034864112819
1.83983983983984,0.9999999999668696,0.9998809263762038,0.9730691614551533
1.8418418418418419,0.999999999968249,0.9998838982375402,0.9735277146870206
1.8438438438438438,0.9999999999695707,0.9998867972693829,0.9739792377059614
1.8458458458458458,0.9999999999708372,0.9998896252154268,0.9744238213054803
1.8478478478478477,0.9999999999720509,0.999892383778862,0.974861555472312
1.84984984984985,0.9999999999732138,0.9998950746232773,0.9752925293854571
1.8518518518518519,0.9999999999743282,0.999897699373545,0.9757168314154488
1.8538538538538538,0.999999999975396,0.9999002596166864,0.9761345491238442
1.8558558558558558,0.9999999999764193,0.9999027569027199,0.9765457692629342
1.8578578578578577,0.9999999999773999,0.9999051927454908,0.9769505777756684
1.85985985985986,0.9999999999783395,0.999907568623483,0.9773490597957892
1.8618618618618619,0.9999999999792399,0.9999098859806133,0.9777412996481698
1.8638638638638638,0.9999999999801028,0.9999121462270103,0.9781273808493522
1.8658658658658658,0.9999999999809297,0.999914350739775,0.9785073861082789
1.867867867867868,0.9999999999817221,0.9999165008637257,0.9788813973272145
1.86986986986987,0.9999999999824815,0.9999185979121276,0.9792494956028526
1.8718718718718719,0.9999999999832091,0.999920643167405,0.9796117612276015
1.8738738738738738,0.9999999999839064,0.9999226378818409,0.9799682736910469
1.8758758758758758,0.9999999999845748,0.9999245832782586,0.9803191116815834
1.877877877877878,0.9999999999852152,0.9999264805506912,0.980664353088214
1.87987987987988,0.9999999999858289,0.9999283308650344,0.9810040750025094
1.8818818818818819,0.9999999999864171,0.9999301353596873,0.9813383537207258
1.8838838838838838,0.9999999999869807,0.9999318951461776,0.981667264746074
1.8858858858858858,0.9999999999875209,0.999933611309774,0.9819908827911382
1.887887887887888,0.9999999999880386,0.9999352849100855,0.9823092817804373
1.88988988988989,0.9999999999885347,0.9999369169816477,0.9826225348531269
1.8918918918918919,0.9999999999890101,0.9999385085344947,0.9829307143658359
1.8938938938938938,0.9999999999894659,0.9999400605547218,0.9832338918956354
1.8958958958958958,0.9999999999899025,0.9999415740050324,0.9835321382431336
1.897897897897898,0.9999999999903211,0.9999430498252752,0.9838255234356947
1.8998998998999,0.9999999999907222,0.9999444889329687,0.984114116730777
1.901901901901902,0.9999999999911066,0.9999458922238148,0.984397986619385
1.9039039039039038,0.999999999991475,0.9999472605722005,0.984677200829635
1.9059059059059058,0.9999999999918282,0.9999485948316884,0.984951826330426
1.907907907907908,0.9999999999921666,0.9999498958354978,0.9852219293352161
1.90990990990991,0.9999999999924909,0.999951164396973,0.985487575305898
1.911911911911912,0.9999999999928019,0.9999524013100434,0.9857488289567715
1.9139139139139139,0.9999999999930997,0.999953607349672,0.9860057542586086
1.9159159159159158,0.9999999999933854,0.9999547832722946,0.9862584144428082
1.917917917917918,0.9999999999936591,0.9999559298162488,0.9865068720056364
1.91991991991992,0.9999999999939214,0.9999570477021944,0.9867511887125495
1.921921921921922,0.9999999999941728,0.9999581376335229,0.9869914256025968
1.9239239239239239,0.9999999999944138,0.9999592002967596,0.9872276429928977
1.9259259259259258,0.9999999999946448,0.9999602363619552,0.9874599004831927
1.927927927927928,0.9999999999948662,0.9999612464830702,0.987688256960464
1.92992992992993,0.9999999999950784,0.9999622312983492,0.9879127706036215
1.931931931931932,0.9999999999952818,0.9999631914306876,0.9881334988882525
1.9339339339339339,0.9999999999954767,0.9999641274879905,0.9883504985914325
1.9359359359359358,0.9999999999956637,0.9999650400635223,0.9885638257965916
1.937937937937938,0.9999999999958428,0.9999659297362495,0.9887735358984375
1.93993993993994,0.9999999999960144,0.999966797071176,0.9889796836079279
1.941941941941942,0.9999999999961791,0.9999676426196692,0.9891823229572936
1.9439439439439439,0.9999999999963367,0.9999684669197806,0.9893815073051067
1.9459459459459458,0.9999999999964879,0.9999692704965584,0.9895772893413926
1.947947947947948,0.9999999999966329,0.9999700538623528,0.9897697210927825
1.94994994994995,0.9999999999967718,0.9999708175171148,0.9899588539277049
1.951951951951952,0.999999999996905,0.999971561948688,0.9901447385616119
1.9539539539539539,0.9999999999970327,0.9999722876330936,0.9903274250622394
1.9559559559559558,0.999999999997155,0.9999729950348101,0.9905069628548984
1.957957957957958,0.9999999999972723,0.9999736846070444,0.9906834007277943
1.95995995995996,0.9999999999973848,0.9999743567919989,0.9908567868373728
1.961961961961962,0.9999999999974926,0.9999750120211314,0.9910271687136898
1.9639639639639639,0.9999999999975959,0.9999756507154096,0.9911945932658032
1.9659659659659658,0.999999999997695,0.9999762732855592,0.9913591067871839
1.967967967967968,0.9999999999977899,0.9999768801323063,0.9915207549611453
1.96996996996997,0.9999999999978809,0.9999774716466158,0.9916795828662874
1.971971971971972,0.9999999999979682,0.9999780482099215,0.9918356349819549
1.973973973973974,0.9999999999980519,0.9999786101943542,0.9919889551937071
1.9759759759759759,0.999999999998132,0.9999791579629614,0.9921395867987969
1.977977977977978,0.9999999999982089,0.9999796918699246,0.9922875725116581
1.97997997997998,0.9999999999982826,0.9999802122607699,0.9924329544693989
1.981981981981982,0.9999999999983532,0.9999807194725744,0.9925757742372991
1.983983983983984,0.999999999998421,0.9999812138341677,0.9927160728143101
1.985985985985986,0.9999999999984859,0.999981695666329,0.9928538906385558
1.987987987987988,0.9999999999985482,0.9999821652819791,0.9929892675928335
1.98998998998999,0.9999999999986079,0.9999826229863688,0.9931222430101108
1.991991991991992,0.9999999999986651,0.9999830690772616,0.9932528556790202
1.993993993993994,0.9999999999987199,0.9999835038451141,0.993381143849348
1.995995995995996,0.9999999999987725,0.9999839275732502,0.9935071452375153
1.997997997997998,0.9999999999988229,0.9999843405380325,0.9936308970320524
2.0,0.9999999999988712,0.9999847430090294,0.9937524358990629
