RSN,PGA (g),MIDR 1st Floor (%),MIDR 2nd Floor (%),MIDR 3rd Floor (%),MIDR 4th Floor (%),MIDR ALL (%)
334,0,0.00000,0.00000,0.00000,0.00000,0.00000
334,0.1,0.04932,0.10349,0.11293,0.09920,0.11293
334,0.15,0.07588,0.16048,0.17908,0.16114,0.17908
334,0.2,0.10986,0.22990,0.25794,0.23512,0.25794
334,0.25,0.14210,0.29352,0.32807,0.30061,0.32807
334,0.3,0.20096,0.40317,0.44860,0.41418,0.44860
334,0.35,0.27599,0.53187,0.58342,0.53971,0.58342
334,0.4,0.35821,0.66983,0.72621,0.67174,0.72621
334,0.45,0.42034,0.77834,0.84255,0.78296,0.84255
334,0.5,0.48364,0.90182,0.98624,0.92693,0.98624
334,0.55,0.59000,1.09906,1.20067,1.13469,1.20067
334,0.6,0.65139,1.21674,1.32626,1.25785,1.32626
334,0.65,0.69736,1.30587,1.42372,1.35532,1.42372
334,0.7,0.76754,1.44104,1.57110,1.50126,1.57110
334,0.75,0.82473,1.55606,1.69746,1.63108,1.69746
334,0.8,0.86682,1.64504,1.79993,1.73673,1.79993
334,0.85,0.91037,1.73143,1.90050,1.83789,1.90050
334,0.9,1.00057,1.86639,2.04476,1.98283,2.04476
334,0.95,1.09772,2.04334,2.23402,2.17794,2.23402
334,1.0,1.20199,2.23107,2.44740,2.39442,2.44740
334,1.05,1.41215,2.56316,2.81124,2.76743,2.81124
334,1.1,1.75044,3.03020,3.32163,3.29325,3.32163
334,1.15,2.08880,3.49342,3.83461,3.82278,3.83461
334,1.2,2.38222,3.88078,4.25919,4.26342,4.26342
2476,0,0.00000,0.00000,0.00000,0.00000,0.00000
2476,0.1,0.03628,0.07751,0.08685,0.07787,0.08685
2476,0.15,0.05395,0.11666,0.13302,0.12122,0.13302
2476,0.2,0.07277,0.15770,0.18231,0.16862,0.18231
2476,0.25,0.09355,0.20215,0.23509,0.21989,0.23509
2476,0.3,0.11606,0.25023,0.29239,0.27548,0.29239
2476,0.35,0.14027,0.30202,0.35372,0.33574,0.35372
2476,0.4,0.16689,0.35732,0.41822,0.39858,0.41822
2476,0.45,0.19676,0.41638,0.48546,0.46337,0.48546
2476,0.5,0.22992,0.47830,0.55361,0.52835,0.55361
2476,0.55,0.26654,0.54326,0.62424,0.59557,0.62424
2476,0.6,0.30599,0.61107,0.69660,0.66393,0.69660
2476,0.7,0.39087,0.75310,0.84428,0.80281,0.84428
2476,0.8,0.47978,0.90189,0.99720,0.94503,0.99720
2476,0.9,0.57004,1.05800,1.15917,1.09882,1.15917
2476,1.0,0.65965,1.21342,1.31865,1.25050,1.31865
2476,1.1,0.74598,1.36266,1.46414,1.38470,1.46414
2476,1.2,0.83316,1.51313,1.60832,1.51161,1.60832
2476,1.3,0.92085,1.66465,1.78761,1.70104,1.78761
2476,1.35,1.00608,1.85894,2.00521,1.92379,2.00521
2476,1.4,1.14616,2.11162,2.29332,2.22934,2.29332
2476,1.45,1.30732,2.41507,2.65367,2.61084,2.65367
2476,1.5,1.49925,2.69577,2.97806,2.95145,2.97806
2476,1.55,1.73638,2.98503,3.29305,3.27405,3.29305
2476,1.6,2.02418,3.35736,3.69516,3.68565,3.69516
2476,1.65,2.39481,3.81288,4.11984,4.11820,4.11984
2510,0,0.00000,0.00000,0.00000,0.00000,0.00000
2510,0.1,0.03961,0.08355,0.09341,0.08326,0.09341
2510,0.3,0.14778,0.30731,0.34661,0.31995,0.34661
2510,0.5,0.35565,0.66630,0.72847,0.68197,0.72847
2510,0.6,0.51167,0.94300,1.02083,0.95415,1.02083
2510,0.65,0.56023,1.03690,1.13102,1.06693,1.13102
2510,0.7,0.61676,1.14339,1.24689,1.18015,1.24689
2510,0.8,0.75853,1.41392,1.53662,1.46320,1.53662
2510,0.9,0.87774,1.66136,1.81803,1.75172,1.81803
2510,0.95,0.92534,1.76275,1.93399,1.87135,1.93399
2510,1.0,0.96759,1.85170,2.03654,1.97747,2.03654
2510,1.05,1.00231,1.92531,2.12297,2.06710,2.12297
2510,1.1,1.06049,2.03072,2.24364,2.19282,2.24364
2510,1.2,1.34253,2.46865,2.71880,2.67879,2.71880
2510,1.25,1.54130,2.77414,3.05067,3.01679,3.05067
2510,1.3,1.76913,3.08818,3.39449,3.37055,3.39449
2510,1.35,2.04667,3.46169,3.80443,3.79219,3.80443
2510,1.4,2.33244,3.87425,4.27423,4.29104,4.29104
3282,0,0.00000,0.00000,0.00000,0.00000,0.00000
3282,0.1,0.04868,0.10418,0.11573,0.10246,0.11573
3282,0.3,0.18545,0.39137,0.45134,0.42577,0.45134
3282,0.5,0.46451,0.84655,0.90723,0.84000,0.90723
3282,0.6,0.62164,1.14391,1.23731,1.16391,1.23731
3282,0.7,0.75520,1.41203,1.54656,1.48181,1.54656
3282,0.8,0.92662,1.73528,1.88560,1.81925,1.88560
3282,0.85,1.04604,1.96223,2.13302,2.06021,2.13302
3282,0.9,1.18248,2.20838,2.43028,2.39092,2.43028
3282,0.95,1.31059,2.42309,2.70670,2.70354,2.70670
3282,1.0,1.43733,2.63237,2.97324,2.99813,2.99813
3282,1.05,1.54892,2.84032,3.22967,3.27077,3.27077
3282,1.1,1.66390,3.06620,3.50083,3.54838,3.54838
3282,1.15,1.85295,3.29501,3.69529,3.71491,3.71491
3282,1.2,2.14991,3.52419,3.81158,3.77649,3.81158
3282,1.25,2.36433,3.81481,4.12870,4.10212,4.12870
4199,0,0.00000,0.00000,0.00000,0.00000,0.00000
4199,0.1,0.04564,0.09958,0.11307,0.10174,0.11307
4199,0.3,0.15615,0.31767,0.36130,0.33547,0.36130
4199,0.5,0.44877,0.83616,0.91408,0.86037,0.91408
4199,0.6,0.58472,1.07894,1.16991,1.09915,1.16991
4199,0.7,0.77398,1.46469,1.60587,1.54262,1.60587
4199,0.8,0.88404,1.68848,1.85764,1.79780,1.85764
4199,0.9,1.00405,1.89937,2.08118,2.01808,2.08118
4199,1.0,1.15186,2.16116,2.36376,2.30612,2.36376
4199,1.05,1.23837,2.31892,2.54874,2.50240,2.54874
4199,1.1,1.31465,2.45158,2.70391,2.66955,2.70391
4199,1.15,1.39361,2.58091,2.85909,2.83116,2.85909
4199,1.2,1.56396,2.75278,3.03754,3.01957,3.03754
4199,1.25,1.80553,3.02269,3.33278,3.31658,3.33278
4199,1.3,2.02897,3.32609,3.66815,3.65894,3.66815
4199,1.35,2.25385,3.68487,4.05524,4.05842,4.05842
5259,0,0.00000,0.00000,0.00000,0.00000,0.00000
5259,0.1,0.04028,0.08375,0.09036,0.07849,0.09036
5259,0.3,0.15421,0.31585,0.35351,0.32611,0.35351
5259,0.5,0.37220,0.69785,0.76425,0.71283,0.76425
5259,0.6,0.48600,0.90829,0.99481,0.93488,0.99481
5259,0.7,0.54355,1.01732,1.11241,1.04859,1.11241
5259,0.8,0.59595,1.14480,1.27512,1.21976,1.27512
5259,0.9,0.76319,1.43169,1.55472,1.47508,1.55472
5259,1.0,0.88821,1.66034,1.81772,1.75248,1.81772
5259,1.05,1.04543,1.91744,2.06385,1.97970,2.06385
5259,1.1,1.19539,2.18846,2.36750,2.29601,2.36750
5259,1.15,1.35387,2.47253,2.69857,2.64826,2.69857
5259,1.2,1.54402,2.78576,3.05240,3.01287,3.05240
5259,1.25,1.81347,3.15045,3.44533,3.41589,3.44533
5259,1.3,2.11787,3.57266,3.91583,3.91024,3.91583
5259,1.35,2.42183,4.00955,4.41565,4.43349,4.43349
5676,0,0.00000,0.00000,0.00000,0.00000,0.00000
5676,0.3,0.12652,0.25974,0.29182,0.26710,0.29182
5676,0.5,0.24972,0.47911,0.52777,0.48855,0.52777
5676,0.7,0.47053,0.88508,0.97326,0.91811,0.97326
5676,0.8,0.58252,1.07835,1.17093,1.10094,1.17093
5676,0.9,0.68728,1.26491,1.36771,1.29197,1.36771
5676,0.95,0.77792,1.45219,1.57793,1.50158,1.57793
5676,1.0,0.85477,1.61809,1.76620,1.69449,1.76620
5676,1.05,0.91720,1.75412,1.92378,1.86241,1.92378
5676,1.1,0.96748,1.86499,2.05587,2.00230,2.05587
5676,1.15,1.00627,1.95323,2.16610,2.11861,2.16610
5676,1.2,1.03774,2.02501,2.25394,2.21092,2.25394
5676,1.25,1.05811,2.07614,2.31705,2.28343,2.31705
5676,1.3,1.07891,2.10672,2.35684,2.32517,2.35684
5676,1.35,1.16761,2.22373,2.48303,2.44782,2.48303
5676,1.4,1.30200,2.37413,2.63369,2.60466,2.63369
5676,1.45,1.44380,2.57643,2.81580,2.77298,2.81580
5676,1.5,1.59218,2.76959,3.00689,2.96062,3.00689
5676,1.55,1.74592,2.95679,3.18085,3.12611,3.18085
5676,1.6,1.89468,3.14146,3.35945,3.29126,3.35945
5676,1.65,2.03638,3.32011,3.55869,3.50634,3.55869
5676,1.7,2.16721,3.49474,3.76287,3.73324,3.76287
5676,1.75,2.31788,3.70230,4.01645,4.01301,4.01645
